Review,Review note,Title,Title (de),Title (ru),Title (uk),Title (ar),Title (tr),Starts at,Ends at,All day,Place name,Address,District,Provider name,Min age (years),Max age (years),Languages,Activity categories,Price type,Price text,Event link,Description (English),Description (de),Description (ru),Description (uk),Description (ar),Description (tr),Source link,ID
,,Johannstadt Kite Festival (19. JohannStädter Drachenfest),19. JohannStädter Drachenfest,Фестиваль воздушных змеев в Йоханштадте,Фестиваль повітряних зміїв у Йоганштадті,مهرجان الطائرات الورقية في يوهانشتات,Johannstadt Uçurtma Şenliği,2026-09-27 11:00,2026-09-27 17:00,no,Elbwiesen am Fährgarten Johannstadt,"Käthe-Kollwitz-Ufer 23b, 01307 Dresden",Altstadt,,,,de,nature;art,free,Free admission,https://www.dresden.de/apps_ext/IKT/event/384dabe8-756c-4014-aa9e-15db01424aa8,"Kite festival on the Elbe meadow next to Fährgarten Johannstadt: fly kites with family and neighbours, craft stations by local groups, music, face painting and snacks. Organised by JohannStadt Quartier e.V. during the Intercultural Days. Free.","Drachenfest auf der Elbwiese neben dem Fährgarten Johannstadt: gemeinsam mit Familie und Nachbarn Drachen steigen lassen, Bastelangebote von Vereinen aus dem Stadtteil, Musik, Kinderschminken und Imbiss. Veranstaltet vom JohannStadt Quartier e. V. im Rahmen der Interkulturellen Tage. Eintritt frei.","Фестиваль воздушных змеев на лугу у Эльбы рядом с Fährgarten Johannstadt: запускайте змеев вместе с семьёй и соседями, мастер-классы местных организаций, музыка, аквагрим и закуски. Организатор — JohannStadt Quartier e. V., в рамках Межкультурных дней. Вход свободный.","Фестиваль повітряних зміїв на луці біля Ельби поруч із Fährgarten Johannstadt: запускайте зміїв разом із родиною та сусідами, творчі майстерні місцевих організацій, музика, аквагрим і перекуси. Організатор — JohannStadt Quartier e. V., у межах Міжкультурних днів. Вхід вільний.",مهرجان للطائرات الورقية على مرج نهر الإلبه بجوار Fährgarten Johannstadt: أطلقوا الطائرات الورقية مع العائلة والجيران، وورش أشغال يدوية من جمعيات الحي، وموسيقى ورسم على الوجه ووجبات خفيفة. تنظمه جمعية JohannStadt Quartier e. V. ضمن الأيام بين الثقافات. الدخول مجاني.,"Fährgarten Johannstadt yanındaki Elbe çayırında uçurtma şenliği: aile ve komşularla uçurtma uçurma, mahalle derneklerinden el işi atölyeleri, müzik, yüz boyama ve atıştırmalıklar. Kültürlerarası Günler kapsamında JohannStadt Quartier e. V. düzenliyor. Giriş ücretsiz.",https://www.dresden.de/apps_ext/IKT/event/384dabe8-756c-4014-aa9e-15db01424aa8,d5c085a4-b0db-4929-a1ae-086a3acf6186
,,Intercultural family festival at KJH Chilli,Interkulturelles Familienfest,Межкультурный семейный праздник в KJH Chilli,Міжкультурне родинне свято в KJH Chilli,مهرجان عائلي متعدد الثقافات في KJH Chilli,KJH Chilli'de kültürlerarası aile şenliği,2026-09-27 14:00,2026-09-27 18:00,no,Kinder- und Jugendhaus Chilli,"Österreicher Straße 54, 01279 Dresden",Leuben,,,,de,music,free,Free admission,https://www.dresden.de/apps_ext/IKT/event/8e664b15-c764-4a60-8ae3-1f57f223e01a,"Big family party at the Chilli children's and youth centre in Laubegast: bouncy castle, food from around the world, games and music with Musaik – Grenzenlos musizieren e.V. Organised by Laubegast ist bunt e.V. during the Intercultural Days. Free.","Großes Familienfest im Kinder- und Jugendhaus Chilli in Laubegast mit Hüpfburg, Kulinarischem aus aller Welt, Spiel, Spaß und Musik mit Musaik – Grenzenlos musizieren e. V. Veranstaltet von Laubegast ist bunt e. V. im Rahmen der Interkulturellen Tage. Eintritt frei.","Большой семейный праздник в детско-молодёжном центре Chilli в Лаубегасте: надувной батут, блюда со всего мира, игры и музыка с Musaik – Grenzenlos musizieren e. V. Организатор — Laubegast ist bunt e. V., в рамках Межкультурных дней. Вход свободный.","Велике родинне свято в дитячо-молодіжному центрі Chilli у Лаубегасті: надувний батут, страви з усього світу, ігри та музика з Musaik – Grenzenlos musizieren e. V. Організатор — Laubegast ist bunt e. V., у межах Міжкультурних днів. Вхід вільний.",حفل عائلي كبير في مركز الأطفال والشباب Chilli في حي لاوبيغاست: قلعة نطاطة، وأطعمة من أنحاء العالم، وألعاب وموسيقى مع جمعية Musaik – Grenzenlos musizieren e. V. تنظمه جمعية Laubegast ist bunt e. V. ضمن الأيام بين الثقافات. الدخول مجاني.,"Laubegast'taki Chilli çocuk ve gençlik merkezinde büyük aile şenliği: şişme kale, dünya mutfağından lezzetler, oyunlar ve Musaik – Grenzenlos musizieren e. V. ile müzik. Kültürlerarası Günler kapsamında Laubegast ist bunt e. V. düzenliyor. Giriş ücretsiz.",https://www.dresden.de/apps_ext/IKT/event/8e664b15-c764-4a60-8ae3-1f57f223e01a,a45c0e0f-3125-45a7-a0c8-3fc8ea4652b4
,,El Cuentacuentos – stories and songs in Spanish,El Cuentacuentos – Geschichten erzählen und Lieder auf Spanisch,El Cuentacuentos – сказки и песни на испанском,El Cuentacuentos – казки та пісні іспанською,El Cuentacuentos – حكايات وأغانٍ بالإسبانية,El Cuentacuentos – İspanyolca masallar ve şarkılar,2026-09-27 16:00,2026-09-27 18:30,no,Asociación Cultural Iberoamericana e. V.,"Bischofsweg 74, 01099 Dresden",Neustadt,ACI – Asociación Cultural Iberoamericana e.V.,3,,es,languages;music,free,Free admission,https://www.dresden.de/apps_ext/IKT/event/6a75feae-a730-4479-bfca-751ad4e4c4a1,"An afternoon of storytelling and songs in Spanish for children from 3 and their families, hosted by Asociación Cultural Iberoamericana e.V. during the Intercultural Days. Time to chat and snacks at the end. Free.","Ein Nachmittag mit Geschichten und Musik auf Spanisch für Kinder ab drei Jahren und Familien, veranstaltet von der Asociación Cultural Iberoamericana e. V. im Rahmen der Interkulturellen Tage. Zum Schluss Zeit für Gespräche und Knabbereien. Eintritt frei.","Сказки и песни на испанском языке для детей от 3 лет и их семей. Организатор — Asociación Cultural Iberoamericana e. V., в рамках Межкультурных дней. В конце — время для общения и угощения. Вход свободный.","Казки та пісні іспанською мовою для дітей від 3 років та їхніх родин. Організатор — Asociación Cultural Iberoamericana e. V., у межах Міжкультурних днів. Наприкінці — час для спілкування та частування. Вхід вільний.",حكايات وأغانٍ باللغة الإسبانية للأطفال من عمر 3 سنوات وعائلاتهم، تنظمها جمعية Asociación Cultural Iberoamericana e. V. ضمن الأيام بين الثقافات. في النهاية وقت للحديث ووجبات خفيفة. الدخول مجاني.,3 yaş üstü çocuklar ve aileleri için İspanyolca masal anlatımı ve şarkılar; Kültürlerarası Günler kapsamında Asociación Cultural Iberoamericana e. V. düzenliyor. Sonunda sohbet ve atıştırmalıklar için zaman var. Giriş ücretsiz.,https://www.dresden.de/apps_ext/IKT/event/6a75feae-a730-4479-bfca-751ad4e4c4a1,88b8172d-d388-4a40-8e10-d38e64c0bb84
,,Picture-book cinema at Pieschen Library,"Bilderbuchkino: Die unglaubliche Geschichte vom verrücktesten, riesigsten Mitmach-Mobil der Welt",Кино по книжке с картинками в библиотеке Пишен,Кіно за книжкою з картинками в бібліотеці Пішен,سينما الكتب المصورة في مكتبة بيشن,Pieschen Kütüphanesi'nde resimli kitap sineması,2026-09-28 16:30,2026-09-28 17:00,no,Bibliothek Pieschen,"Bürgerstraße 63, 01127 Dresden",Pieschen,,3,,de,library,free,"Free, no registration",https://www.bibo-dresden.de/de/events-kids/pieschen/20260928_Pieschen_BBK.php,"A volunteer reader shows a picture book on the big screen: Bruno's little red car is wrecked in heavy traffic, so he builds a crazy new vehicle from the crashed cars. For children from 3 and families. Free, no registration.","Vorlesenachmittag mit der Vorlesepatin: Brunos kleines rotes Auto geht im dicken Verkehr zu Schrott – und er baut aus den Autowracks ein verrücktes neues Fahrzeug. Für Kinder ab 3 Jahren und Familien. Eintritt frei, ohne Anmeldung.","Чтица-волонтёр показывает книжку с картинками на большом экране: маленькая красная машинка Бруно разбивается в пробке, и он строит из обломков безумный новый автомобиль. Для детей от 3 лет и семей. Бесплатно, без записи.","Волонтерка-читачка показує книжку з картинками на великому екрані: маленька червона машинка Бруно розбивається в заторі, і він будує з уламків шалений новий автомобіль. Для дітей від 3 років і родин. Безкоштовно, без реєстрації.",قارئة متطوعة تعرض كتابًا مصورًا على الشاشة الكبيرة: سيارة برونو الحمراء الصغيرة تتحطم في زحام المرور، فيبني من السيارات المحطمة مركبة جديدة مجنونة. للأطفال من عمر 3 سنوات والعائلات. مجانًا ودون تسجيل.,"Gönüllü bir okuyucu resimli bir kitabı büyük ekranda gösteriyor: Bruno'nun küçük kırmızı arabası yoğun trafikte hurdaya döner ve o da hurda arabalardan çılgın yeni bir araç yapar. 3 yaş üstü çocuklar ve aileler için. Ücretsiz, kayıt gerekmez.",https://www.bibo-dresden.de/de/events-kids/pieschen/20260928_Pieschen_BBK.php,3cc3f649-1b4d-45e0-948d-5cbae1221ab5
,,Familien-Nami: family afternoon at Familienzentrum PAULINE,Familien-Nami,Familien-Nami: семейный день в Familienzentrum PAULINE,Familien-Nami: родинний день у Familienzentrum PAULINE,Familien-Nami: عصرية عائلية في Familienzentrum PAULINE,Familien-Nami: Familienzentrum PAULINE'de aile öğleden sonrası,2026-09-30 15:30,2026-09-30 17:30,no,Familienzentrum PAULINE,"Papstdorfer Straße 41, 01277 Dresden",Blasewitz,,,,de,family_cafe;parent_meetup;art,free,Free admission,https://www.dresden.de/apps_ext/IKT/event/bb483d4a-2abe-40b7-b9e5-7f31dad04632,"Open family afternoon ('Nami' is Swiss German for afternoon): chatting, games and coffee, plus a craft activity about first names. The whole family is welcome, big or small. Intercultural Days event by Familienzentrum PAULINE. Free.","„Wie heißt du?“ Offener Familiennachmittag („Nami“ ist Schweizerdeutsch für Nachmittag): Plaudern, Spielen, Kaffeetrinken und Basteln rund um unsere Vornamen. Die ganze Familie ist willkommen – egal wie groß oder klein. Interkulturelle Tage, Familienzentrum PAULINE. Eintritt frei.","Открытая семейная встреча («Nami» — «после обеда» на швейцарском немецком): общение, игры, кофе и поделки на тему имён. Приглашается вся семья — большие и маленькие. Мероприятие Межкультурных дней от Familienzentrum PAULINE. Вход свободный.","Відкрита родинна зустріч («Nami» — «пообідній час» швейцарською німецькою): спілкування, ігри, кава та творчість на тему імен. Запрошується вся родина — великі й малі. Захід Міжкультурних днів від Familienzentrum PAULINE. Вхід вільний.",لقاء عائلي مفتوح بعد الظهر (كلمة «Nami» تعني بعد الظهر بالألمانية السويسرية): دردشة وألعاب وقهوة، ونشاط أشغال يدوية حول الأسماء الأولى. العائلة كلها مرحب بها، كبارًا وصغارًا. فعالية ضمن الأيام بين الثقافات من Familienzentrum PAULINE. الدخول مجاني.,"Açık aile buluşması (""Nami"" İsviçre Almancasında öğleden sonra demek): sohbet, oyunlar, kahve ve isimler üzerine el işi etkinliği. Büyük küçük tüm aile davetli. Kültürlerarası Günler kapsamında Familienzentrum PAULINE etkinliği. Giriş ücretsiz.",https://www.dresden.de/apps_ext/IKT/event/bb483d4a-2abe-40b7-b9e5-7f31dad04632,f54327cc-b6c7-4a0c-ad53-627372dc6e46
,,"Family reading with Dayeon Auh: ""Ein Berg, ein Sturz, ein langes Leben""","Lesung für Familien mit Dayeon Auh: Ein Berg, ein Sturz, ein langes Leben","Семейные чтения с Дайон Ау: «Ein Berg, ein Sturz, ein langes Leben»","Родинні читання з Дайон Ау: «Ein Berg, ein Sturz, ein langes Leben»","قراءة عائلية مع دايون آوه: «Ein Berg, ein Sturz, ein langes Leben»","Dayeon Auh ile aile okuması: ""Ein Berg, ein Sturz, ein langes Leben""",2026-09-30 16:30,2026-09-30 18:00,no,Bibliothek Johannstadt,"Fetscherstraße 67, 01307 Dresden",Altstadt,,4,8,de,library;art,free,Free admission,https://www.bibo-dresden.de/de/events/johannstadt/20260930_IKT_Dayeon-Auh_Johannstadt.php,"Seoul-born illustrator Dayeon Auh reads her picture book based on a traditional Korean folk tale, talks with the children and draws characters and scenes live. For families with children aged 4–8. Part of the Intercultural Days. Free.","Die in Seoul geborene Illustratorin Dayeon Auh liest aus ihrem Buch nach einem traditionellen koreanischen Volksmärchen, spricht mit den Kindern und zeichnet live Figuren und Szenen. Für Familien mit Kindern zwischen 4 und 8 Jahren. Im Rahmen der Interkulturellen Tage. Eintritt frei.","Иллюстратор Дайон Ау, родом из Сеула, читает свою книжку с картинками по мотивам традиционной корейской народной сказки, беседует с детьми и рисует персонажей и сцены прямо на месте. Для семей с детьми 4–8 лет. В рамках Межкультурных дней. Вход свободный.","Ілюстраторка Дайон Ау, родом із Сеула, читає свою книжку з картинками за мотивами традиційної корейської народної казки, розмовляє з дітьми та малює персонажів і сцени наживо. Для родин із дітьми 4–8 років. У межах Міжкультурних днів. Вхід вільний.",تقرأ الرسامة دايون آوه، المولودة في سيول، من كتابها المصور المستوحى من حكاية شعبية كورية تقليدية، وتتحدث مع الأطفال وترسم الشخصيات والمشاهد مباشرة. للعائلات مع أطفال بين 4 و8 سنوات. ضمن الأيام بين الثقافات. الدخول مجاني.,"Seul doğumlu illüstratör Dayeon Auh, geleneksel bir Kore halk masalına dayanan resimli kitabından okuyor, çocuklarla sohbet ediyor ve karakterleri ile sahneleri canlı çiziyor. 4–8 yaş arası çocuklu aileler için. Kültürlerarası Günler kapsamında. Giriş ücretsiz.",https://www.bibo-dresden.de/de/events/johannstadt/20260930_IKT_Dayeon-Auh_Johannstadt.php,2f06cbd8-6b2d-48a0-8e6a-6ae821166711
,,Family afternoon with Max & Moritz at Blasewitz Library,Familiennachmittag mit Max & Moritz,Семейный день с «Максом и Морицем» в библиотеке Блазевиц,Родинний день з «Максом і Моріцом» у бібліотеці Блазевіц,عصرية عائلية مع «ماكس وموريتس» في مكتبة بلازيفيتس,Blasewitz Kütüphanesi'nde Max & Moritz ile aile öğleden sonrası,2026-10-01 15:00,2026-10-01 18:00,no,Bibliothek Blasewitz,"Tolkewitzer Straße 8, 01277 Dresden",Blasewitz,,4,,de,library;theatre;art,free,"Free, no registration",https://www.bibo-dresden.de/de/events-kids/blasewitz/20261001_Blasewitz_Familiennachmittag.php,"Colourful family afternoon at the library with creative activities to discover, play and try out. Highlight at 16:00: the crank theatre (Kurbeltheater) shows 'Max und Moritz'. For children from 4. Free, no registration.","Kunterbunter Nachmittag in der Bibliothek Blasewitz mit kreativen Aktionen zum Entdecken, Spielen und Ausprobieren. Highlight um 16 Uhr: das Kurbeltheater mit „Max und Moritz“. Für Kinder ab 4 Jahren. Eintritt frei, ohne Anmeldung.","Яркий семейный день в библиотеке: творческие занятия, игры и эксперименты. Главное событие в 16:00 — Kurbeltheater (театр картинок на рулоне) показывает «Макса и Морица». Для детей от 4 лет. Бесплатно, без записи.","Яскравий родинний день у бібліотеці: творчі заняття, ігри та експерименти. Головна подія о 16:00 — Kurbeltheater (театр картинок на рулоні) показує «Макса і Моріца». Для дітей від 4 років. Безкоштовно, без реєстрації.",عصرية عائلية ملونة في المكتبة مع أنشطة إبداعية للاكتشاف واللعب والتجربة. أبرز فقرة في الساعة 16:00: مسرح الصور الدوّار (Kurbeltheater) يعرض «ماكس وموريتس». للأطفال من عمر 4 سنوات. مجانًا ودون تسجيل.,"Kütüphanede keşfetmek, oynamak ve denemek için yaratıcı etkinliklerle dolu renkli bir aile öğleden sonrası. Saat 16:00'da öne çıkan: Kurbeltheater (kollu resim tiyatrosu) ""Max und Moritz""i sahneliyor. 4 yaş üstü çocuklar için. Ücretsiz, kayıt gerekmez.",https://www.bibo-dresden.de/de/events-kids/blasewitz/20261001_Blasewitz_Familiennachmittag.php,cb837e5e-d8f7-42d0-82a2-f2d4cc222cdb
,,Heure du conte (French story hour): The Carnival of the Animals,Heure du conte: Der Karneval der Tiere (auf Französisch),Heure du conte: «Карнавал животных» (на французском),Heure du conte: «Карнавал тварин» (французькою),ساعة الحكايات بالفرنسية: «كرنفال الحيوانات»,Heure du conte: Hayvanlar Karnavalı (Fransızca),2026-10-02 16:00,2026-10-02 17:30,no,"Institut français Dresden, Mediathek","Lingnerallee 3, 01069 Dresden",Altstadt,,3,7,fr,languages;library;art;music,free,Free; registration requested (by 30 Sep per the city's Intercultural Days calendar) with the Institut français media library,https://www.institutfrancais.de/de/dresden/event/heure-du-conte-29164,"Story hour in French for children aged 3–7: kids get to know Camille Saint-Saëns' 'Carnival of the Animals', then craft an animal of their choice inspired by the illustrations. In the media library of the Institut français; Intercultural Days. Free; please register (by 30 Sep).","Märchenstunde auf Französisch für Kinder von 3 bis 7 Jahren: Die Kinder lernen die Geschichte vom „Karneval der Tiere“ von Camille Saint-Saëns kennen und basteln danach, inspiriert von den Illustrationen, ein Tier ihrer Wahl. In der Mediathek des Institut français; Interkulturelle Tage. Eintritt frei, Voranmeldung erwünscht (bis 30.09.).","Час сказок на французском языке для детей 3–7 лет: дети знакомятся с историей «Карнавала животных» Камиля Сен-Санса, а затем мастерят животное на выбор по мотивам иллюстраций. В медиатеке Institut français; Межкультурные дни. Бесплатно, желательна предварительная запись (до 30.09).","Година казок французькою мовою для дітей 3–7 років: діти знайомляться з історією «Карнавалу тварин» Каміля Сен-Санса, а потім майструють тварину на вибір за мотивами ілюстрацій. У медіатеці Institut français; Міжкультурні дні. Безкоштовно, бажана попередня реєстрація (до 30.09).",ساعة حكايات باللغة الفرنسية للأطفال من 3 إلى 7 سنوات: يتعرف الأطفال على قصة «كرنفال الحيوانات» لكامي سان صانز، ثم يصنعون حيوانًا من اختيارهم مستوحى من الرسوم. في المكتبة الإعلامية لـ Institut français، ضمن الأيام بين الثقافات. مجانًا، ويُرجى التسجيل المسبق (حتى 30.09).,"3–7 yaş arası çocuklar için Fransızca masal saati: Çocuklar Camille Saint-Saëns'ın ""Hayvanlar Karnavalı"" hikâyesini tanıyor, ardından resimlerden ilham alarak seçtikleri bir hayvanı yapıyor. Institut français medya kütüphanesinde; Kültürlerarası Günler. Ücretsiz, ön kayıt rica ediliyor (30.09'a kadar).",https://www.institutfrancais.de/de/dresden/event/heure-du-conte-29164,17a05fce-4dab-4ac2-898c-9d89d54cd1af
,,Discovery Day at Zoo Dresden,Entdeckertag im Zoo Dresden,День открытий в зоопарке Дрездена,День відкриттів у зоопарку Дрездена,يوم الاستكشاف في حديقة حيوان دريسدن,Dresden Hayvanat Bahçesi'nde Keşif Günü,2026-10-03 10:00,2026-10-03 17:00,no,Zoo Dresden,"Tiergartenstraße 1, 01219 Dresden",Altstadt,,,,de,nature,paid,"Zoo day ticket (summer price, zoo-dresden.de/besuch-planen/preise): adults €19, children 3–16 €10; the event page lists no extra fee",https://www.zoo-dresden.de/veranstaltung/entdeckertag/,"Discovery day for young and old: children's carousel, hands-on experiments by the 'Neugierexpress' on the penguin meadow, family magic show by Pascal Dalchau (14:30, 15:30, 16:30) and keeper meet-ups with snow leopard, koala, meerkats, kangaroos and penguins.","Entdeckertag für Klein und Groß: Kinderkarussell, knifflige Mitmachexperimente vom Neugierexpress auf der Pinguinwiese, Familienprogramm „Magie in Bewegung“ mit Pascal Dalchau (14:30/15:30/16:30 Uhr am Zookasperhaus) und Treffpunkte bei Schneeleopard, Koala, Erdmännchen, Riesenkänguru und Pinguinen.","День открытий для детей и взрослых: детская карусель, интерактивные опыты от «Neugierexpress» на пингвиньей лужайке, семейное шоу фокусника Паскаля Дальхау (14:30, 15:30, 16:30) и встречи у снежного барса, коалы, сурикатов, кенгуру и пингвинов.","День відкриттів для малих і дорослих: дитяча карусель, інтерактивні досліди від «Neugierexpress» на пінгвінячій галявині, родинне шоу фокусника Паскаля Дальхау (14:30, 15:30, 16:30) та зустрічі біля сніжного барса, коали, сурикатів, кенгуру й пінгвінів.",يوم استكشاف للصغار والكبار: دوّامة خيل للأطفال، وتجارب تفاعلية من «Neugierexpress» في مرج البطاريق، وعرض سحري عائلي مع باسكال دالشاو (14:30 و15:30 و16:30)، ولقاءات عند نمر الثلج والكوالا والسرقاط والكنغر والبطاريق.,"Küçükler ve büyükler için keşif günü: çocuk atlıkarıncası, penguen çayırında ""Neugierexpress"" ile uygulamalı deneyler, Pascal Dalchau'nun aile sihirbazlık gösterisi (14:30, 15:30, 16:30) ve kar leoparı, koala, mirket, kanguru ve penguen buluşmaları.",https://www.zoo-dresden.de/veranstaltung/entdeckertag/,4ddc892a-069f-47b4-8dda-369578e7287a
,,My window to the Amazon – workshop for kids,Mein Fenster zum Amazonas,Моё окно в Амазонию — мастерская для детей,Моє вікно в Амазонію — майстерня для дітей,نافذتي على الأمازون – ورشة للأطفال,Amazon'a Açılan Pencerem – çocuk atölyesi,2026-10-03 10:00,2026-10-03 12:00,no,"HAUS DER BRÜCKE, Saal ""Ella""","Rähnitzgasse 8, 01097 Dresden",Neustadt,,8,,de,art;nature,free,"Free; max. 10 places, registration by 30 Sep",https://www.dresden.de/apps_ext/IKT/event/e145fb85-14f3-4635-ab90-9541689bad41,"Playful workshop by BluoVerda Deutschland e.V. for children from 8: discover the Amazon rainforest by combining maps and drawing – geography, nature and human identity. Intercultural Days. Free; max. 10 places, register by 30 Sep.","Spielerischer Workshop von BluoVerda Deutschland e. V. für Kinder ab 8 Jahren: den Amazonas-Regenwald über Karten und Zeichnen entdecken – Geografie, Natur und menschliche Identität. Interkulturelle Tage. Eintritt frei; max. zehn Plätze, Anmeldung bis 30.09.","Игровая мастерская от BluoVerda Deutschland e. V. для детей от 8 лет: знакомство с тропическим лесом Амазонии через карты и рисунки — география, природа и человеческая идентичность. Межкультурные дни. Бесплатно; не более 10 мест, запись до 30.09.","Ігрова майстерня від BluoVerda Deutschland e. V. для дітей від 8 років: знайомство з тропічним лісом Амазонії через мапи й малювання — географія, природа та людська ідентичність. Міжкультурні дні. Безкоштовно; до 10 місць, реєстрація до 30.09.",ورشة مرحة من BluoVerda Deutschland e. V. للأطفال من عمر 8 سنوات: اكتشاف غابات الأمازون المطيرة عبر الخرائط والرسم – الجغرافيا والطبيعة والهوية الإنسانية. ضمن الأيام بين الثقافات. مجانًا؛ 10 أماكن كحد أقصى، التسجيل حتى 30.09.,"BluoVerda Deutschland e. V.'den 8 yaş üstü çocuklara eğlenceli atölye: Amazon yağmur ormanını haritalar ve çizimle keşfetmek – coğrafya, doğa ve insan kimliği. Kültürlerarası Günler. Ücretsiz; en fazla 10 kişi, 30.09'a kadar kayıt.",https://www.dresden.de/apps_ext/IKT/event/e145fb85-14f3-4635-ab90-9541689bad41,ee23b8c7-8b67-4937-aa41-2aa8ae60fe53
,,Brundibár – family concert of the Dresdner Philharmonie,Brundibár – Familienkonzert,«Брундибар» — семейный концерт Дрезденской филармонии,«Брундібар» — родинний концерт Дрезденської філармонії,«برونديبار» – حفل عائلي لأوركسترا دريسدن الفيلهارمونية,Brundibár – Dresden Filarmoni aile konseri,2026-10-03 11:00,2026-10-03 12:00,no,"Kulturpalast, Konzertsaal","Schloßstraße 2 (Eingang Altmarkt), 01067 Dresden",Altstadt,,,,de,music;theatre,paid,"€14; reduced: €6 pupils under 18, €10 under 30, €7 Dresden-Pass (optional FLEX fee +€6). Few tickets left (""Restkarten"") on 26 Sep",https://www.dresdnerphilharmonie.de/de/konzerte-tickets/konzertkalender-dresden/brundibar_2/?datum=2026-10-03,"Semi-staged children's opera by Hans Krása: Aninka and Pepíček want to sing on the market square for their sick mother and, helped by a dog, a cat, a sparrow and the town's children, stand up to the organ grinder Brundibár. With the Philharmonic Children's Choir. About 1 hour.","Halbszenische Kinderoper von Hans Krása: Aninka und Pepíček wollen auf dem Marktplatz für ihre kranke Mutter singen und behaupten sich mit Hund, Katze, Spatz und den Kindern der Stadt gegen den Drehorgelmann Brundibár. Mit dem Philharmonischen Kinderchor Dresden. Ca. 1 Std. ohne Pause.","Полусценическая детская опера Ганса Красы: Анинка и Пепичек хотят петь на рыночной площади ради больной мамы и с помощью собаки, кошки, воробья и детей города дают отпор шарманщику Брундибару. С Детским хором Дрезденской филармонии. Около 1 часа без антракта.","Напівсценічна дитяча опера Ганса Краси: Анінка і Пепічек хочуть співати на ринковій площі заради хворої мами і з допомогою собаки, кішки, горобця та дітей міста дають відсіч катеринщику Брундібару. З Дитячим хором Дрезденської філармонії. Близько 1 години без антракту.",أوبرا للأطفال بإخراج شبه مسرحي لهانز كراسا: يريد أنينكا وبيبيتشيك الغناء في ساحة السوق من أجل أمهما المريضة، وبمساعدة كلب وقطة وعصفور وأطفال المدينة يتصديان لعازف الأرغن اليدوي برونديبار. مع جوقة الأطفال الفيلهارمونية في دريسدن. نحو ساعة دون استراحة.,"Hans Krása'nın yarı sahnelenmiş çocuk operası: Aninka ve Pepíček hasta anneleri için pazar meydanında şarkı söylemek ister; bir köpek, bir kedi, bir serçe ve kentin çocuklarının yardımıyla laterna çalan Brundibár'a karşı koyarlar. Filarmoni Çocuk Korosu ile. Yaklaşık 1 saat, arasız.",https://www.dresdnerphilharmonie.de/de/konzerte-tickets/konzertkalender-dresden/brundibar_2/?datum=2026-10-03,b00a9292-837c-4758-9dd6-3b44b6c83613
,,Spanish film afternoon for children: Ferdinand the bull,Spanischer Filmnachmittag für Kinder,Испанский кинопоказ для детей: бычок Фердинанд,Іспанський кінопоказ для дітей: бичок Фердинанд,عصرية أفلام إسبانية للأطفال: الثور فرديناند,Çocuklar için İspanyolca film öğleden sonrası: Boğa Ferdinand,2026-10-04 15:30,2026-10-04 17:00,no,Filmgalerie Dresden,"Altenberger Straße 26, 01277 Dresden",Blasewitz,,,,es;de,languages,free,Free admission,https://www.dresden.de/apps_ext/IKT/event/f593af68-899e-44ee-b7b1-0b6c54e26bce,"DresdeÑoles e.V. screens a film about Ferdinand, the good-natured bull who does not want to end up in the bullring – in Spanish with German subtitles. Intercultural Days, in cooperation with Filmgalerie Dresden e.V. Free.","DresdeÑoles e. V. zeigt einen Film über den gutmütigen Stier Ferdinand, der nicht in der Stierkampfarena landen will – in spanischer Sprache mit deutschen Untertiteln. Interkulturelle Tage, in Kooperation mit dem Filmgalerie Dresden e. V. Eintritt frei.","DresdeÑoles e. V. показывает фильм о добродушном быке Фердинанде, который не хочет попасть на арену корриды, — на испанском языке с немецкими субтитрами. Межкультурные дни, совместно с Filmgalerie Dresden e. V. Вход свободный.","DresdeÑoles e. V. показує фільм про добродушного бика Фердинанда, який не хоче потрапити на арену кориди, — іспанською мовою з німецькими субтитрами. Міжкультурні дні, спільно з Filmgalerie Dresden e. V. Вхід вільний.",تعرض جمعية DresdeÑoles e. V. فيلمًا عن الثور الطيب فرديناند الذي لا يريد أن ينتهي في حلبة مصارعة الثيران، باللغة الإسبانية مع ترجمة ألمانية. ضمن الأيام بين الثقافات، بالتعاون مع Filmgalerie Dresden e. V. الدخول مجاني.,"DresdeÑoles e. V., boğa güreşi arenasına düşmek istemeyen iyi kalpli boğa Ferdinand hakkındaki bir filmi İspanyolca ve Almanca altyazılı gösteriyor. Kültürlerarası Günler, Filmgalerie Dresden e. V. iş birliğiyle. Giriş ücretsiz.",https://www.dresden.de/apps_ext/IKT/event/f593af68-899e-44ee-b7b1-0b6c54e26bce,633a5c2f-9ef4-4f8d-bfe2-85c487727041
,,Enna Miau: The little autumn bee – interactive reading,Enna Miau: Die kleine Herbstbiene,Enna Miau: «Маленькая осенняя пчёлка» — интерактивное чтение,Enna Miau: «Маленька осіння бджілка» — інтерактивне читання,Enna Miau: «النحلة الخريفية الصغيرة» – قراءة تفاعلية,Enna Miau: Küçük Sonbahar Arısı – interaktif okuma,2026-10-04 16:30,2026-10-04 17:15,no,Bibliothek Neustadt,"Königsbrücker Straße 26, 01099 Dresden",Neustadt,,4,,de,library;nature;music,free,Free; registration by e-mail with Bibliothek Neustadt,https://www.bibo-dresden.de/de/events-kids/neustadt/20261004_Neustadt_Familiensonntag.php,"Interactive reading for the whole family: with projector, ukulele and Millie the bee, Enna Miau tells an adventure about mushrooms, bees and their neighbours living in symbiosis. For children from 4 and families. Free; register with the library by e-mail.","Interaktive Lesung für die ganze Familie: Mit Beamer, Ukulele und Biene Millie erzählt Enna Miau ein Abenteuer über Pilze, Bienen und ihre Nachbarn, die in Symbiose leben. Für Kinder ab 4 Jahren und Familien. Eintritt frei; Anmeldung per E-Mail bei der Bibliothek Neustadt.","Интерактивное чтение для всей семьи: с проектором, укулеле и пчёлкой Милли Enna Miau рассказывает приключенческую историю о грибах, пчёлах и их соседях, живущих в симбиозе. Для детей от 4 лет и семей. Бесплатно; запись по e-mail в библиотеке.","Інтерактивне читання для всієї родини: з проєктором, укулеле та бджілкою Міллі Enna Miau розповідає пригодницьку історію про гриби, бджіл та їхніх сусідів, що живуть у симбіозі. Для дітей від 4 років і родин. Безкоштовно; реєстрація через e-mail бібліотеки.",قراءة تفاعلية للعائلة كلها: مع جهاز العرض والأوكوليلي والنحلة ميلي، تروي Enna Miau مغامرة عن الفطر والنحل وجيرانها الذين يعيشون في تكافل. للأطفال من عمر 4 سنوات والعائلات. مجانًا؛ التسجيل بالبريد الإلكتروني لدى المكتبة.,"Tüm aile için interaktif okuma: projeksiyon, ukulele ve arı Millie ile Enna Miau; mantarlar, arılar ve simbiyoz içinde yaşayan komşuları hakkında bir macera anlatıyor. 4 yaş üstü çocuklar ve aileler için. Ücretsiz; kütüphaneye e-postayla kayıt.",https://www.bibo-dresden.de/de/events-kids/neustadt/20261004_Neustadt_Familiensonntag.php,939f9efd-23c8-4a29-93d7-980afe6d68e6
,,Picture-book cinema at Kita Pat's Dahlienheim,Bilderbuchkino in der Integrativen Kita Pat's Dahlienheim,Кино по книжке с картинками в детском саду Pat's Dahlienheim,Кіно за книжкою з картинками в дитячому садку Pat's Dahlienheim,سينما الكتب المصورة في روضة Pat's Dahlienheim,Pat's Dahlienheim Kreşi'nde resimli kitap sineması,2026-10-07 15:30,2026-10-07 17:00,no,Integrative Kita Pat's Dahlienheim,"Am Dahlienheim 21, 01257 Dresden",Leuben,,3,6,de,library;school_kita,free,"Free; registration by 5 Oct with the Kita (phone or e-mail, see event page)",https://www.dresden.de/apps_ext/IKT/event/df12e1d0-0277-429e-abb4-fef2ff889870,"The team of the inclusive Kita Pat's Dahlienheim invites families with children aged 3–6 to a picture-book cinema: a surprise story for ages 3–4 at 15:30 and for ages 5–6 at 16:15, with biscuits, drinks and time to chat. Part of the Intercultural Days.","Das Team der integrativen Kita Pat's Dahlienheim lädt Familien mit Kindern von 3 bis 6 Jahren zum Bilderbuchkino ein: um 15:30 Uhr eine Überraschungsgeschichte für 3- bis 4-Jährige, um 16:15 Uhr für 5- bis 6-Jährige, dazu Kekse, Getränke und Zeit zum Austausch. Im Rahmen der Interkulturellen Tage; kostenfrei, Anmeldung bis 5. Oktober.","Команда инклюзивного детского сада Pat's Dahlienheim приглашает семьи с детьми от 3 до 6 лет: в 15:30 сказка-сюрприз для детей 3–4 лет, в 16:15 – для детей 5–6 лет, а также печенье, напитки и время для общения. В рамках Межкультурных дней; бесплатно, запись до 5 октября.","Команда інклюзивного дитячого садка Pat's Dahlienheim запрошує родини з дітьми від 3 до 6 років: о 15:30 історія-сюрприз для дітей 3–4 років, о 16:15 – для дітей 5–6 років, а також печиво, напої та час для спілкування. У межах Міжкультурних днів; безкоштовно, реєстрація до 5 жовтня.",يدعو فريق الروضة الدامجة Pat's Dahlienheim العائلات مع أطفال بين 3 و6 سنوات إلى سينما الكتب المصورة: في 15:30 قصة مفاجئة للأطفال من 3 إلى 4 سنوات، وفي 16:15 للأطفال من 5 إلى 6 سنوات، مع بسكويت ومشروبات ووقت للتعارف. ضمن الأيام بين الثقافات؛ مجانًا، التسجيل حتى 5 أكتوبر.,"Kapsayıcı kreş Pat's Dahlienheim ekibi 3-6 yaş arası çocuklu aileleri resimli kitap sinemasına davet ediyor: 15:30'da 3-4 yaş, 16:15'te 5-6 yaş için sürpriz bir hikâye; ayrıca kurabiye, içecek ve sohbet için zaman. Kültürlerarası Günler kapsamında; ücretsiz, 5 Ekim'e kadar kayıt gerekli.",https://www.dresden.de/apps_ext/IKT/event/df12e1d0-0277-429e-abb4-fef2ff889870,e2930963-ef95-48bf-82a1-61da87725fd5
,,Picture-book cinema at Neustadt Library: Ella spricht tausend Sprachen,Bilderbuchkino am Nachmittag in der Bibliothek Neustadt: „Ella spricht tausend Sprachen“,Кино по книжке с картинками в библиотеке Neustadt: «Ella spricht tausend Sprachen»,Кіно за книжкою з картинками в бібліотеці Neustadt: «Ella spricht tausend Sprachen»,سينما الكتب المصورة في مكتبة Neustadt: «Ella spricht tausend Sprachen»,Neustadt Kütüphanesi'nde resimli kitap sineması: „Ella spricht tausend Sprachen“,2026-10-07 16:30,2026-10-07 17:00,no,Bibliothek Neustadt,"Königsbrücker Straße 26, 01099 Dresden",Neustadt,Bibliothek Neustadt (Städtische Bibliotheken Dresden),4,,de,library,free,"Free, no registration",https://www.bibo-dresden.de/de/events-kids/neustadt/20261007_Neustadt_BBK.php,"Picture-book cinema about Ella, who goes to kindergarten and speaks endless languages – 'Blubbish' in the bathtub, 'Sleepish' in the morning and sometimes backwards. For children from 4; free, no registration.","Ella hat einen Bruder, geht in den Kindergarten und spricht unendlich viele Sprachen: Blubbisch in der Badewanne, Müdisch morgens im Bad und manchmal auch Rückwärts. Ab 4 Jahren; Eintritt frei, ohne Anmeldung.","Элла ходит в детский сад и говорит на бесконечном множестве языков: на «булькском» в ванне, на «сонном» по утрам и иногда задом наперёд. Для детей от 4 лет; бесплатно, без записи.","Елла ходить у дитячий садок і розмовляє безліччю мов: «булькською» у ванні, «сонною» зранку і часом навпаки. Для дітей від 4 років; безкоштовно, без реєстрації.",إيلا تذهب إلى الروضة وتتحدث لغات لا تُحصى: لغة «الفقاعات» في حوض الاستحمام، ولغة «النعاس» في الصباح، وأحيانًا بالمقلوب. للأطفال من عمر 4 سنوات؛ مجانًا ودون تسجيل.,"Ella anaokuluna gidiyor ve sayısız dil konuşuyor: küvette „Blubça“, sabahları „Uykuca“ ve bazen de tersten. 4 yaş üstü çocuklar için; ücretsiz, kayıt gerekmez.",https://www.bibo-dresden.de/de/events-kids/neustadt/20261007_Neustadt_BBK.php,e6db5cf1-996d-4aec-af1b-753dae1c35f9
,,Les petits petons – French playgroup for babies and toddlers,Französische Krabbelgruppe „Les petits petons“,Les petits petons – французская группа для малышей,Les petits petons – французька група для малюків,Les petits petons – مجموعة لعب بالفرنسية للرضّع والصغار,Les petits petons – bebekler ve küçük çocuklar için Fransızca oyun grubu,2026-10-09 10:15,2026-10-09 11:00,no,Institut français Dresden,"Lingnerallee 3, 01069 Dresden",Altstadt,,0,3,fr,languages;parent_baby,free,Free; registration requested by e-mail to the Institut français media library,https://www.institutfrancais.de/de/dresden/event/les-petits-petons-29193,"French-language playgroup for children aged 0–3 and their parents at the Institut français: playing, reading and singing in a family atmosphere – for French-speaking families and anyone who wants their child to get to know French.","Krabbelgruppe auf Französisch für Kinder von 0 bis 3 Jahren und ihre Eltern im Institut français: Es wird gespielt, gelesen und gesungen – für frankophone Familien und alle, die ihr Kind mit der französischen Sprache vertraut machen möchten. Eintritt frei, Voranmeldung erwünscht.","Группа на французском языке для детей от 0 до 3 лет и их родителей в Institut français: игры, чтение и песни в семейной атмосфере – для франкоязычных семей и всех, кто хочет познакомить ребёнка с французским языком. Бесплатно, желательна предварительная запись.","Група французькою мовою для дітей від 0 до 3 років та їхніх батьків в Institut français: ігри, читання та пісні в родинній атмосфері – для франкомовних родин і всіх, хто хоче познайомити дитину з французькою мовою. Безкоштовно, бажана попередня реєстрація.",مجموعة لعب باللغة الفرنسية للأطفال من الولادة حتى 3 سنوات وأهاليهم في Institut français: لعب وقراءة وغناء في أجواء عائلية، للعائلات الناطقة بالفرنسية ولكل من يرغب في تعريف طفله باللغة الفرنسية. مجانًا، ويُفضَّل التسجيل المسبق.,"Institut français'da 0-3 yaş arası çocuklar ve ebeveynleri için Fransızca oyun grubu: aile ortamında oyun, okuma ve şarkılar – Fransızca konuşan aileler ve çocuğunu Fransızcayla tanıştırmak isteyen herkes için. Ücretsiz, ön kayıt rica ediliyor.",https://www.institutfrancais.de/de/dresden/event/les-petits-petons-29193,4412402d-b8c2-43f3-858d-8b46cf85786e
,,Autumn holidays at Zoo Dresden: quiz rally and keeper meet-ups,Herbstferien im Zoo Dresden,Осенние каникулы в Zoo Dresden: викторина и встречи со смотрителями,Осінні канікули в Zoo Dresden: вікторина та зустрічі з доглядачами,العطلة الخريفية في حديقة حيوان دريسدن: مسابقة ألغاز ولقاءات مع حرّاس الحيوانات,Zoo Dresden'da sonbahar tatili: bilmece rallisi ve bakıcı buluşmaları,2026-10-10 08:30,2026-10-25 17:30,no,Zoo Dresden,"Tiergartenstraße 1, 01219 Dresden",Altstadt,,,,de,nature,paid,"Zoo day ticket (summer price, zoo-dresden.de/besuch-planen/preise): adults €19, children 3–16 €10; the 11:00 keeper meet-ups are free, no registration",https://www.zoo-dresden.de/veranstaltung/herbstferien-im-zoo/,"During the Saxon autumn holidays (10–25 Oct) puzzle fans can do a quiz rally through the zoo, and every day at 11:00 keepers take visitors to an animal where there is something special to see (free, no registration). Holiday workshops for school children need booking.","In den sächsischen Herbstferien vom 10. bis 25. Oktober können Rätselfans auf eine knifflige Quiz-Rallye durch den Zoo starten; täglich um 11 Uhr nehmen Tierpflegerinnen und Tierpfleger Besucher zu einem Tier mit, bei dem es etwas Besonderes zu entdecken gibt (kostenfrei, ohne Anmeldung). Zoo-Eintritt erforderlich.","В саксонские осенние каникулы с 10 по 25 октября любители загадок могут пройти квест-викторину по зоопарку, а каждый день в 11:00 смотрители ведут посетителей к животному, у которого можно увидеть что-то особенное (бесплатно, без записи). Нужен входной билет в зоопарк.","На саксонських осінніх канікулах з 10 по 25 жовтня любителі загадок можуть пройти квест-вікторину зоопарком, а щодня об 11:00 доглядачі ведуть відвідувачів до тварини, біля якої можна побачити щось особливе (безкоштовно, без реєстрації). Потрібен вхідний квиток до зоопарку.",خلال العطلة الخريفية في ساكسونيا من 10 إلى 25 أكتوبر، يمكن لمحبي الألغاز خوض مسابقة ألغاز عبر حديقة الحيوان، وكل يوم في الساعة 11:00 يصطحب حرّاس الحيوانات الزوار إلى حيوان فيه شيء مميز للاكتشاف (مجانًا ودون تسجيل). يلزم شراء تذكرة دخول الحديقة.,"10-25 Ekim Saksonya sonbahar tatilinde bilmece meraklıları hayvanat bahçesinde zorlu bir quiz rallisine katılabilir; her gün saat 11:00'de hayvan bakıcıları ziyaretçileri özel bir şey görülebilecek bir hayvana götürüyor (ücretsiz, kayıt gerekmez). Hayvanat bahçesi giriş bileti gerekir.",https://www.zoo-dresden.de/veranstaltung/herbstferien-im-zoo/,cb2045ab-bc45-4575-b409-886aafde8580
,,Code Week Highlights – Coding for Families,Code Week Highlights – Coding for Families,Code Week Highlights — программирование для всей семьи,Code Week Highlights — програмування для всієї родини,Code Week Highlights – البرمجة للعائلات,Code Week Highlights – Aileler için kodlama,2026-10-10 11:00,2026-10-10 18:00,no,Zentralbibliothek im Kulturpalast,"Schloßstraße 2, 01067 Dresden",Altstadt,,6,,de,stem;library,free,"Free, drop in (no registration)",https://www.bibo-dresden.de/de/events-kids/zb/20261010_ZB_Code-Week-Highlights.php,"Family event by CrossMedia Tour e.V. at the Central Library: try technology, crafts and programming together, no prior knowledge needed – from 'cursing plants' to small craft projects and coding stations. For ages 6+, younger siblings welcome. Free, drop in.","Familienevent des CrossMedia Tour e. V. in der Zentralbibliothek: gemeinsam Technik, Basteln und Programmieren ausprobieren, ganz ohne Vorkenntnisse – von fluchenden Pflanzen über kleine Bastelprojekte bis zu Codingstationen. Ab 6 Jahren, jüngere Geschwister willkommen. Kostenfrei, ohne Anmeldung.","Семейное мероприятие CrossMedia Tour e. V. в Центральной библиотеке: вместе пробуем технику, поделки и программирование без подготовки — от «ругающихся растений» до небольших поделок и станций кодинга. От 6 лет, младшие братья и сёстры тоже приглашаются. Бесплатно, без записи.","Родинний захід CrossMedia Tour e. V. у Центральній бібліотеці: разом пробуємо техніку, творчість і програмування без попередніх знань — від «лайливих рослин» до невеликих виробів і станцій кодингу. Від 6 років, молодші брати й сестри теж вітаються. Безкоштовно, без реєстрації.",فعالية عائلية من CrossMedia Tour e. V. في المكتبة المركزية: جرّبوا التقنية والأشغال اليدوية والبرمجة معًا دون معرفة مسبقة – من «النباتات الشتّامة» إلى مشاريع يدوية صغيرة ومحطات برمجة. من عمر 6 سنوات، والإخوة الأصغر مرحب بهم. مجانًا ودون تسجيل.,"Merkez Kütüphane'de CrossMedia Tour e. V.'nin aile etkinliği: ön bilgi gerekmeden teknoloji, el işi ve programlamayı birlikte deneyin – ""küfreden bitkiler""den küçük el işi projelerine ve kodlama istasyonlarına. 6 yaş üstü; küçük kardeşler de davetli. Ücretsiz, kayıt gerekmez.",https://www.bibo-dresden.de/de/events-kids/zb/20261010_ZB_Code-Week-Highlights.php,36a35e9d-e853-413e-9820-93adee1f2ee8
,,The Three Little Pigs – puppet show at Gorbitz Library,Die drei kleinen Schweinchen mit dem Puppentheater Glöckchen,«Три поросёнка» — кукольный спектакль в библиотеке Горбиц,«Три поросятка» — ляльковий спектакль у бібліотеці Горбіц,«الخنازير الثلاثة الصغيرة» – عرض دمى في مكتبة غوربيتس,Üç Küçük Domuzcuk – Gorbitz Kütüphanesi'nde kukla gösterisi,2026-10-10 11:00,2026-10-10 11:40,no,Bibliothek Gorbitz,"Merianplatz 4, 01169 Dresden",Cotta,,3,,de,theatre;library,free,Free; registration by e-mail with Bibliothek Gorbitz,https://www.bibo-dresden.de/de/events-kids/gorbitz/20261010_Gorbitz_Puppentheater-Gloeckchen.php,Rod-puppet show by Puppentheater Glöckchen (founded 1984): the three little pigs can only outwit the big bad wolf by working together – and end up with a nice house. For children from 3. Free; register with the library by e-mail.,Puppenspiel mit Stabfiguren vom Puppentheater Glöckchen (gegründet 1984): Die drei Schweinchen können den bösen Wolf nur gemeinsam überlisten – und haben am guten Ende ein schönes Haus. Für Kinder ab 3 Jahren. Eintritt frei; Anmeldung per E-Mail bei der Bibliothek Gorbitz.,Спектакль с тростевыми куклами от Puppentheater Glöckchen (основан в 1984 году): три поросёнка могут перехитрить злого волка только вместе — и в итоге у них красивый дом. Для детей от 3 лет. Бесплатно; запись по e-mail в библиотеке.,Вистава з тростинними ляльками від Puppentheater Glöckchen (засновано 1984 року): троє поросят можуть перехитрити злого вовка тільки разом — і врешті мають гарний будинок. Для дітей від 3 років. Безкоштовно; реєстрація через e-mail бібліотеки.,عرض دمى بالعصي من Puppentheater Glöckchen (تأسس عام 1984): لا تستطيع الخنازير الثلاثة التغلب على الذئب الشرير إلا معًا – وفي النهاية يحصلون على بيت جميل. للأطفال من عمر 3 سنوات. مجانًا؛ التسجيل بالبريد الإلكتروني لدى المكتبة.,Puppentheater Glöckchen'den (1984'te kuruldu) çubuk kukla gösterisi: üç küçük domuzcuk kötü kurdu ancak birlikte alt edebilir – ve sonunda güzel bir evleri olur. 3 yaş üstü çocuklar için. Ücretsiz; kütüphaneye e-postayla kayıt.,https://www.bibo-dresden.de/de/events-kids/gorbitz/20261010_Gorbitz_Puppentheater-Gloeckchen.php,e19a245b-8c9b-4d9f-8440-230f1d5dc1ba
,,Autumn festival with lantern parade at Familienzentrum PAULINE,Herbstfest mit Lampionumzug,Осенний праздник с шествием фонариков в Familienzentrum PAULINE,Осіннє свято з ходою ліхтариків у Familienzentrum PAULINE,مهرجان الخريف مع موكب الفوانيس في Familienzentrum PAULINE,Familienzentrum PAULINE'de fener alaylı sonbahar şenliği,2026-10-10 15:00,2026-10-10 18:00,no,Familienzentrum PAULINE,"Papstdorfer Straße 41, 01277 Dresden",Blasewitz,,,,de,art;family_cafe,free,Free admission,https://www.dresden.de/apps_ext/IKT/event/5f062f6c-bd82-4f62-b454-9f89a527831b,"Family festival 'for families of all cultures' with a lantern parade, games, crafts, face painting, wheel of fortune, cake and barbecue. Bring a lantern light if you can. Intercultural Days. Free.","Familienfest mit Lampionumzug, vielen Spielen und Aktionen, Basteln, Kinderschminken, Glücksrad sowie Kuchen und Grill – ein Fest für Familien aller Kulturen. Am besten ein Laternenlicht mitbringen! Interkulturelle Tage, Familienzentrum PAULINE. Eintritt frei.","Семейный праздник «для семей всех культур»: шествие с фонариками, игры, поделки, аквагрим, колесо фортуны, пироги и гриль. По возможности возьмите с собой фонарик. Межкультурные дни. Вход свободный.","Родинне свято «для родин усіх культур»: хода з ліхтариками, ігри, творчість, аквагрим, колесо фортуни, пироги та гриль. За можливості візьміть із собою ліхтарик. Міжкультурні дні. Вхід вільний.",مهرجان عائلي «لعائلات من كل الثقافات» مع موكب الفوانيس وألعاب وأشغال يدوية ورسم على الوجه وعجلة الحظ وكعك وشواء. أحضروا فانوسًا إن أمكن. ضمن الأيام بين الثقافات. الدخول مجاني.,"""Tüm kültürlerden aileler için"" şenlik: fener alayı, oyunlar, el işleri, yüz boyama, çarkıfelek, kek ve mangal. Mümkünse bir fener getirin. Kültürlerarası Günler. Giriş ücretsiz.",https://www.dresden.de/apps_ext/IKT/event/5f062f6c-bd82-4f62-b454-9f89a527831b,410a324e-c533-441a-bccb-26683d2098ea
,,The Gruffalo Show with Axel Scheffler,Die Grüffelo-Show mit Axel Scheffler,Шоу Груффало с Акселем Шеффлером,Шоу Ґруффало з Акселем Шеффлером,عرض غروفالو مع أكسل شيفلر,Axel Scheffler ile Gruffalo Gösterisi,2026-10-12 16:00,2026-10-12 17:00,no,"Zentralbibliothek im Kulturpalast, Kinderbibliothek (1. OG)","Schloßstraße 2, 01067 Dresden",Altstadt,,3,,de,library;art,free,"Free, no registration",https://www.bibo-dresden.de/de/events-kids/zb/20261012_ZB_Grueffelo-Show_Scheffler.php,"Illustrator Axel Scheffler reveals the new Gruffalo story about the Gruffalo's granny, draws live during the show and signs books afterwards. In the children's library (1st floor) of the Central Library. For children from 3. Free, no registration.","Illustrator Axel Scheffler lüftet das Geheimnis der neuen Grüffelo-Geschichte um die Grüffelo-Oma, zeichnet während der Show live und signiert im Anschluss Bücher. In der Kinderbibliothek (1. OG) der Zentralbibliothek. Für Kinder ab 3 Jahren. Eintritt frei, ohne Anmeldung.","Иллюстратор Аксель Шеффлер представляет новую историю о бабушке Груффало, рисует прямо во время шоу, а после подписывает книги. В детской библиотеке (2-й этаж) Центральной библиотеки. Для детей от 3 лет. Бесплатно, без записи.","Ілюстратор Аксель Шеффлер представляє нову історію про бабусю Ґруффало, малює просто під час шоу, а після підписує книжки. У дитячій бібліотеці (2-й поверх) Центральної бібліотеки. Для дітей від 3 років. Безкоштовно, без реєстрації.",يكشف الرسام أكسل شيفلر قصة غروفالو الجديدة عن جدة غروفالو، ويرسم مباشرة خلال العرض ويوقّع الكتب بعده. في مكتبة الأطفال (الطابق الأول) بالمكتبة المركزية. للأطفال من عمر 3 سنوات. مجانًا ودون تسجيل.,"İllüstratör Axel Scheffler, Gruffalo'nun büyükannesiyle ilgili yeni Gruffalo hikâyesini tanıtıyor, gösteri sırasında canlı çiziyor ve ardından kitap imzalıyor. Merkez Kütüphane'nin çocuk bölümünde (1. kat). 3 yaş üstü çocuklar için. Ücretsiz, kayıt gerekmez.",https://www.bibo-dresden.de/de/events-kids/zb/20261012_ZB_Grueffelo-Show_Scheffler.php,50885d12-0ced-40e8-bcae-49ce706502db
,,Kuscheltierzirkus – puppet theatre with your own cuddly toy (tjg.),Kuscheltierzirkus – Puppentheater im tjg.,Kuscheltierzirkus – кукольный спектакль с вашей мягкой игрушкой (tjg.),Kuscheltierzirkus – ляльковий спектакль з вашою м'якою іграшкою (tjg.),Kuscheltierzirkus – مسرح دمى مع دميتك المحشوة (tjg.),Kuscheltierzirkus – kendi pelüş oyuncağınızla kukla tiyatrosu (tjg.),2026-10-18 11:00,2026-10-18 11:50,no,"tjg. theater junge generation, Studiobühne","Kraftwerk Mitte 1, 01067 Dresden",Altstadt,,4,,de,theatre,paid,"Adults €16, children up to 14 €8, reduced €8; with tjg. Familiencard adults €8, children €5 (tjg. price list)",https://www.tjg-dresden.de/inszenierung/kuscheltierzirkus,"Bring your own cuddly toy: in this puppet show the audience's cuddly toys become daring circus stars who do magic tricks and fly through hoops, with live music. For children from 4; 50 minutes (also at 16:00).","Bringt alle ein eigenes Kuscheltier mit: Im Puppentheater von Uwe Steinbach werden die Kuscheltiere des Publikums zu mutigen Zirkusstars, machen Zaubertricks und fliegen durch Reifen – mit Live-Musik. Ab 4 Jahren, Spieldauer 50 Minuten (auch um 16 Uhr).","Принесите свою мягкую игрушку: в кукольном спектакле игрушки зрителей становятся смелыми звёздами цирка, показывают фокусы и летают сквозь обручи – под живую музыку. Для детей от 4 лет, 50 минут (также в 16:00).","Принесіть свою м'яку іграшку: у ляльковому спектаклі іграшки глядачів стають сміливими зірками цирку, показують фокуси й літають крізь обручі – під живу музику. Для дітей від 4 років, 50 хвилин (також о 16:00).",أحضروا دميتكم المحشوة: في عرض الدمى هذا تتحول دمى الجمهور إلى نجوم سيرك شجعان يؤدون الخدع السحرية ويطيرون عبر الأطواق، مع موسيقى حية. للأطفال من عمر 4 سنوات، المدة 50 دقيقة (وأيضًا في الساعة 16:00).,"Kendi pelüş oyuncağınızı getirin: bu kukla gösterisinde seyircilerin oyuncakları cesur sirk yıldızlarına dönüşüyor, sihirbazlık yapıyor ve çemberlerden uçuyor – canlı müzik eşliğinde. 4 yaş üstü çocuklar için, 50 dakika (ayrıca 16:00'da).",https://www.tjg-dresden.de/inszenierung/kuscheltierzirkus,d5340918-ca39-41a8-b56f-30f29d6852aa
,,Door-guard craft workshop (Türbewacher) – family Saturday at Gorbitz Library,Familiensamstag in der Bibliothek Gorbitz: Türbewacher basteln mit Bela Alvarez,Мастерская «страж двери» – семейная суббота в библиотеке Gorbitz,Майстерня «вартовий дверей» – родинна субота в бібліотеці Gorbitz,ورشة «حارس الباب» – سبت العائلة في مكتبة Gorbitz,Kapı bekçisi atölyesi – Gorbitz Kütüphanesi'nde aile cumartesisi,2026-10-24 11:00,2026-10-24 11:40,no,Bibliothek Gorbitz,"Merianplatz 4, 01169 Dresden",Cotta,Bibliothek Gorbitz (Städtische Bibliotheken Dresden),4,,de,art;library,free,Free; registration by e-mail to Bibliothek Gorbitz,https://www.bibo-dresden.de/de/events-kids/gorbitz/20261024_Gorbitz_Alvarez_Tuerbewacher.php,Craft workshop with Bela Alvarez: families make their own figure that guards the bedroom door and shows whether visitors may come in – so monsters and Halloween ghosts only enter when invited. For children from 4 and families.,"In diesem Workshop entsteht eine selbst gestaltete Figur, die die Zimmertür bewacht und anzeigt, ob Besucher eintreten dürfen – so kommen Monster und Halloweengeister nur nach Einladung herein. Für Kinder ab 4 Jahren und Familien; Eintritt frei, Anmeldung per E-Mail.","Вместе с Bela Alvarez семьи мастерят фигурку, которая охраняет дверь комнаты и показывает, можно ли войти, – так монстры и призраки Хэллоуина попадут внутрь только по приглашению. Для детей от 4 лет и семей; бесплатно, запись по e-mail.","Разом із Bela Alvarez родини майструють фігурку, яка охороняє двері кімнати й показує, чи можна увійти, – тож монстри та привиди Гелловіну потраплять усередину лише на запрошення. Для дітей від 4 років і родин; безкоштовно, реєстрація електронною поштою.",مع Bela Alvarez تصنع العائلات مجسّمًا يحرس باب الغرفة ويبيّن إن كان مسموحًا للزوار بالدخول، فلا تدخل الوحوش وأشباح الهالوين إلا بدعوة. للأطفال من عمر 4 سنوات والعائلات؛ مجانًا، التسجيل بالبريد الإلكتروني.,"Bela Alvarez ile aileler, oda kapısını bekleyen ve ziyaretçilerin girip giremeyeceğini gösteren bir figür yapıyor – böylece canavarlar ve Cadılar Bayramı hayaletleri ancak davetle içeri girebiliyor. 4 yaş üstü çocuklar ve aileler için; ücretsiz, e-postayla kayıt.",https://www.bibo-dresden.de/de/events-kids/gorbitz/20261024_Gorbitz_Alvarez_Tuerbewacher.php,df10209a-0f09-4303-a1a2-205519733902
,,phil zu entdecken … im bunten Cellokasten – family concert,phil zu entdecken … im bunten Cellokasten,phil zu entdecken … «В пёстром футляре для виолончели» — семейный концерт,phil zu entdecken … «У барвистому футлярі для віолончелі» — родинний концерт,phil zu entdecken … «في صندوق التشيلو الملوّن» – حفل عائلي,phil zu entdecken … Rengârenk Çello Kutusunda – aile konseri,2026-10-25 11:00,,no,"Kulturpalast, Konzertsaal","Schloßstraße 2 (Eingang Altmarkt), 01067 Dresden",Altstadt,,5,,de,music,paid,"From €14; reduced: €6 pupils under 18, €10 under 30, €7 Dresden-Pass (optional FLEX fee +€6)",https://www.dresdnerphilharmonie.de/de/konzerte-tickets/konzertkalender-dresden/phil-zu-entdecken-im-bunten-cellokasten/?datum=2026-10-25,"Family concert of the Dresdner Philharmonie: presenter Malte Arkona and Phili explore how the cello tells stories, around Schumann's Cello Concerto in A minor with cellist Jean-Guihen Queyras, conducted by Stéphane Denève. The series is recommended from age 5.","Familienkonzert der Dresdner Philharmonie: Moderator Malte Arkona und Phili erkunden, wie das Cello Geschichten erzählt – rund um Schumanns Cellokonzert a-Moll mit Jean-Guihen Queyras (Violoncello) unter der Leitung von Stéphane Denève. Die Reihe ist ab 5 Jahren empfohlen.","Семейный концерт Дрезденской филармонии: ведущий Мальте Аркона и Фили исследуют, как виолончель рассказывает истории, на примере Концерта для виолончели ля минор Шумана; солист Жан-Гиэн Кейрас, дирижёр Стефан Денев. Цикл рекомендован детям от 5 лет.","Родинний концерт Дрезденської філармонії: ведучий Мальте Аркона та Філі досліджують, як віолончель розповідає історії, на прикладі Концерту для віолончелі ля мінор Шумана; соліст Жан-Гієн Кейрас, диригент Стефан Денев. Цикл рекомендовано дітям від 5 років.",حفل عائلي لأوركسترا دريسدن الفيلهارمونية: المقدّم مالته أركونا وشخصية فيلي يستكشفان كيف يروي التشيلو القصص، حول كونشرتو التشيلو في لا الصغير لشومان مع عازف التشيلو جان-غيهين كيراس وبقيادة ستيفان دونيف. السلسلة موصى بها من عمر 5 سنوات.,"Dresden Filarmoni aile konseri: sunucu Malte Arkona ve Phili, çellonun nasıl hikâye anlattığını Schumann'ın La minör Çello Konçertosu üzerinden keşfediyor; çello Jean-Guihen Queyras, şef Stéphane Denève. Seri 5 yaş ve üzeri için önerilir.",https://www.dresdnerphilharmonie.de/de/konzerte-tickets/konzertkalender-dresden/phil-zu-entdecken-im-bunten-cellokasten/?datum=2026-10-25,a2854ae7-31ff-405c-abff-1427fa8f0d0b
,,Frei ab Drei! Family afternoon at the Mathematisch-Physikalischer Salon,Frei ab Drei! Mathematisch-Physikalischer Salon,Frei ab Drei! Семейный день в Mathematisch-Physikalischer Salon,Frei ab Drei! Родинний день у Mathematisch-Physikalischer Salon,Frei ab Drei! عصرية عائلية في Mathematisch-Physikalischer Salon,Frei ab Drei! Mathematisch-Physikalischer Salon'da aile öğleden sonrası,2026-10-25 15:00,2026-10-25 17:00,no,"Zwinger, Mathematisch-Physikalischer Salon","Theaterplatz 1, 01067 Dresden",Altstadt,,,,de,stem,free,Free (Teilnahmegebühr: kostenfrei),https://www.skd.museum/vermittlung/programmreihen/familiennachmittage/,"Discovery worksheets for families from 15:00 to 17:00, and at 15:15 historic experiments: 'Es funkt!', a demonstration of a historic electrostatic machine with Leopold Brüx (limited places). In the Zwinger's museum of scientific instruments.","Von 15 bis 17 Uhr Entdeckerbogen für Familien, um 15:15 Uhr Historische Experimente: „Es funkt!“ – Vorführung einer historischen Elektrisiermaschine mit Leopold Brüx (begrenzte Teilnehmerzahl). Teilnahme kostenfrei.","С 15:00 до 17:00 – листы-задания для семей, в 15:15 – исторические опыты «Es funkt!»: демонстрация старинной электростатической машины с Leopold Brüx (число мест ограничено). В музее научных приборов в Zwinger; участие бесплатное.","З 15:00 до 17:00 – аркуші-завдання для родин, о 15:15 – історичні досліди «Es funkt!»: демонстрація старовинної електростатичної машини з Leopold Brüx (кількість місць обмежена). У музеї наукових приладів у Zwinger; участь безкоштовна.",من 15:00 إلى 17:00 أوراق استكشاف للعائلات، وفي 15:15 تجارب تاريخية بعنوان «Es funkt!»: عرض لآلة كهرباء ساكنة تاريخية مع Leopold Brüx (عدد المشاركين محدود). في متحف الأدوات العلمية داخل Zwinger؛ المشاركة مجانية.,"15:00-17:00 arası aileler için keşif kâğıtları, 15:15'te tarihî deneyler „Es funkt!“: Leopold Brüx ile tarihî bir elektrostatik makinenin gösterimi (katılımcı sayısı sınırlı). Zwinger'deki bilimsel aletler müzesinde; katılım ücretsiz.",https://www.skd.museum/vermittlung/programmreihen/familiennachmittage/,24f8be5d-c353-4bdc-9a14-fb9c901b1e3d
,,Picture-book cinema at Pieschen Library: Linas Leuchtturm,Bilderbuchkino in der Bibliothek Pieschen: Jonathan Stock „Linas Leuchtturm“,Кино по книжке с картинками в библиотеке Pieschen: «Linas Leuchtturm»,Кіно за книжкою з картинками в бібліотеці Pieschen: «Linas Leuchtturm»,سينما الكتب المصورة في مكتبة Pieschen: «Linas Leuchtturm»,Pieschen Kütüphanesi'nde resimli kitap sineması: „Linas Leuchtturm“,2026-10-26 16:30,2026-10-26 17:00,no,Bibliothek Pieschen,"Bürgerstraße 63, 01127 Dresden",Pieschen,,3,,de,library,free,"Free, no registration",https://www.bibo-dresden.de/de/events-kids/pieschen/20261026_Pieschen_BBK.php,A volunteer reader shows Jonathan Stock's picture book 'Linas Leuchtturm': Lina loves the sea and cares for all the animals that come to her lighthouse – until one night a violent storm destroys the light. For children from 3 and families.,"Vorlesenachmittag mit der Vorlesepatin: Lina liebt das Meer und pflegt alle Tiere, die zum Leuchtturm kommen – bis eines Nachts ein heftiger Sturm das Leuchtfeuer zerstört. Für Kinder ab 3 Jahren und Familien; Eintritt frei, ohne Anmeldung.","Чтица-волонтёр показывает книгу Jonathan Stock: Лина любит море и заботится обо всех животных, которые приходят к её маяку, – пока однажды ночью сильный шторм не разрушает маячный огонь. Для детей от 3 лет и семей; бесплатно, без записи.","Волонтерка-читачка показує книжку Jonathan Stock: Ліна любить море й піклується про всіх тварин, які приходять до її маяка, – доки однієї ночі сильний шторм не руйнує маячний вогонь. Для дітей від 3 років і родин; безкоштовно, без реєстрації.",قارئة متطوعة تعرض كتاب Jonathan Stock المصور: لينا تحب البحر وتعتني بكل الحيوانات التي تأتي إلى منارتها، حتى تدمّر عاصفة عنيفة ضوء المنارة ذات ليلة. للأطفال من عمر 3 سنوات والعائلات؛ مجانًا ودون تسجيل.,"Gönüllü bir okuyucu Jonathan Stock'un resimli kitabını gösteriyor: Lina denizi seviyor ve deniz fenerine gelen tüm hayvanlara bakıyor – ta ki bir gece şiddetli bir fırtına fenerin ışığını yok edene kadar. 3 yaş üstü çocuklar ve aileler için; ücretsiz, kayıt gerekmez.",https://www.bibo-dresden.de/de/events-kids/pieschen/20261026_Pieschen_BBK.php,2e9f7046-ea9e-4911-ae43-bc855942b6a2
,,Cuddly-toy cinema at Leubnitz-Neuostra Library,Kuscheltierkino,Кино с плюшевыми игрушками в библиотеке Лойбниц-Нойостра,Кіно з м'якими іграшками в бібліотеці Лойбніц-Нойостра,سينما الدمى المحشوة في مكتبة لويبنيتس-نويوسترا,Leubnitz-Neuostra Kütüphanesi'nde pelüş oyuncak sineması,2026-10-28 17:00,2026-10-28 17:30,no,Bibliothek Leubnitz-Neuostra,"Corinthstraße 8, 01219 Dresden",Prohlis,,3,6,de,library,free,"Free, no registration",https://www.bibo-dresden.de/de/events-kids/lno/20261028_LNO_Kuscheltierkino.php,"For World Cuddly Toy Day, children aged 3–6 bring their favourite cuddly toy to a cosy picture-book cinema – the little companions are welcome to watch too. Families welcome. Free, no registration.","Zum Welt-Kuscheltier-Tag sind Kinder von 3 bis 6 Jahren eingeladen, mit ihrem liebsten Kuscheltier ein gemütliches Bilderbuchkino zu erleben – die kleinen Begleiter dürfen natürlich mit dabei sein. Familien willkommen. Eintritt frei, ohne Anmeldung.","В честь Всемирного дня мягкой игрушки дети 3–6 лет приходят с любимой плюшевой игрушкой на уютный показ книжки с картинками — маленькие спутники, конечно, тоже смотрят. Семьи приглашаются. Бесплатно, без записи.","До Всесвітнього дня м'якої іграшки діти 3–6 років приходять з улюбленою м'якою іграшкою на затишний показ книжки з картинками — маленькі супутники, звісно, теж дивляться. Родини запрошуються. Безкоштовно, без реєстрації.",بمناسبة اليوم العالمي للدمى المحشوة، يُدعى الأطفال من 3 إلى 6 سنوات لحضور عرض كتاب مصور دافئ مع دميتهم المفضلة – ويمكن للرفاق الصغار المشاهدة أيضًا. العائلات مرحب بها. مجانًا ودون تسجيل.,"Dünya Pelüş Oyuncak Günü için 3–6 yaş arası çocuklar en sevdikleri pelüş oyuncaklarıyla sıcak bir resimli kitap sinemasına davetli – küçük arkadaşlar da elbette izleyebilir. Aileler hoş karşılanır. Ücretsiz, kayıt gerekmez.",https://www.bibo-dresden.de/de/events-kids/lno/20261028_LNO_Kuscheltierkino.php,a5119e08-526e-434c-ba36-004bba248d7b
,,Halloween at Zoo Dresden,Halloween im Zoo,Хэллоуин в зоопарке Дрездена,Гелловін у зоопарку Дрездена,الهالوين في حديقة حيوان دريسدن,Dresden Hayvanat Bahçesi'nde Cadılar Bayramı,2026-10-31 10:00,2026-10-31 18:30,no,Zoo Dresden,"Tiergartenstraße 1, 01219 Dresden",Altstadt,,,,de,nature;theatre,paid,"Zoo day ticket (summer price, zoo-dresden.de/besuch-planen/preise): adults €19, children 3–16 €10; the event page lists no extra fee",https://www.zoo-dresden.de/veranstaltung/halloween-im-zoo-2/,"Pumpkin surprises for the animals from 10:00, a Halloween party for the whole family from 13:00 with stories, stage shows and music (DJane La Rey, children's circus SANRO), and at 18:00 the LED light show 'Die Nacht der leuchtenden Tiere' by Project Fire.","Ab 10 Uhr Kürbisüberraschungen für die Tiere, ab 13 Uhr Halloweenparty für die ganze Familie mit Geschichten, Bühnenprogramm und Musik (DJane La Rey, Kinderzirkus SANRO, Fräulein Fabelwesen) und um 18 Uhr die LED-Lichtshow „Die Nacht der leuchtenden Tiere“ von Project Fire.","С 10:00 — сюрпризы из тыкв для животных, с 13:00 — праздник Хэллоуина для всей семьи с историями, сценической программой и музыкой (DJane La Rey, детский цирк SANRO), а в 18:00 — светодиодное шоу «Die Nacht der leuchtenden Tiere» от Project Fire.","З 10:00 — гарбузові сюрпризи для тварин, з 13:00 — свято Гелловіну для всієї родини з історіями, сценічною програмою та музикою (DJane La Rey, дитячий цирк SANRO), а о 18:00 — світлодіодне шоу «Die Nacht der leuchtenden Tiere» від Project Fire.",مفاجآت اليقطين للحيوانات من الساعة 10:00، وحفلة هالوين للعائلة كلها من 13:00 مع حكايات وعروض على المسرح وموسيقى (DJane La Rey وسيرك الأطفال SANRO)، وفي الساعة 18:00 عرض أضواء LED بعنوان «Die Nacht der leuchtenden Tiere» من Project Fire.,"Saat 10:00'dan itibaren hayvanlara balkabağı sürprizleri, 13:00'ten itibaren hikâyeler, sahne gösterileri ve müzikle (DJane La Rey, çocuk sirki SANRO) tüm aile için Cadılar Bayramı partisi ve 18:00'de Project Fire'ın LED ışık gösterisi ""Die Nacht der leuchtenden Tiere"".",https://www.zoo-dresden.de/veranstaltung/halloween-im-zoo-2/,73f98ffa-b291-431d-9054-5b61f19b99f7
,Claude: price not stated on the page.,SPUKEN – Halloween family Saturday at tjg.,SPUKEN – 10 Jahre tjg.-Theatergeister im Kraftwerk Mitte (FamilienSAMSTAG spezial),SPUKEN – семейная суббота на Хэллоуин в tjg.,SPUKEN – родинна субота на Гелловін у tjg.,SPUKEN – سبت العائلة للهالوين في مسرح tjg.,SPUKEN – tjg.'de Cadılar Bayramı aile cumartesisi,2026-10-31 14:00,,no,"tjg. theater junge generation, Theaterfoyer im Kraftwerk Mitte","Kraftwerk Mitte 1, 01067 Dresden",Altstadt,,4,,de,theatre;art,unknown,,https://www.tjg-dresden.de/familiensonntag,"The tjg. celebrates ten years of its theatre ghosts in Kraftwerk Mitte with a Halloween 'FamilienSAMSTAG spezial': all kinds of spooky characters, scary stories and masquerades for children from 4 and their families.","Seit zehn Jahren spuken die tjg.-Theatergeister durchs Kraftwerk Mitte: Zu Halloween lädt das tjg. zum FamilienSAMSTAG spezial mit allerlei Spukgestalten, Gruselgeschichten und Maskeraden ein. Für Kinder ab 4 Jahren und ihre Familien.","Уже десять лет театральные привидения tjg. бродят по Kraftwerk Mitte: на Хэллоуин театр приглашает на особую семейную субботу с разными призраками, страшилками и маскарадом. Для детей от 4 лет и их семей.","Уже десять років театральні привиди tjg. блукають Kraftwerk Mitte: на Гелловін театр запрошує на особливу родинну суботу з різними привидами, страшними історіями та маскарадом. Для дітей від 4 років та їхніх родин.",منذ عشر سنوات تتجول أشباح مسرح tjg. في Kraftwerk Mitte: وبمناسبة الهالوين يدعو المسرح إلى سبت عائلي خاص مع شخصيات مخيفة وحكايات رعب وحفلة أقنعة. للأطفال من عمر 4 سنوات وعائلاتهم.,"tjg. tiyatro hayaletleri on yıldır Kraftwerk Mitte'de dolaşıyor: Cadılar Bayramı'nda tiyatro; hayalet kılıkları, korku hikâyeleri ve maskelerle özel bir aile cumartesisine davet ediyor. 4 yaş üstü çocuklar ve aileleri için.",https://www.tjg-dresden.de/familiensonntag,6e2c1e0d-6f0c-495d-9851-94421138cbeb
,,Les petits petons – French playgroup for babies and toddlers,Französische Krabbelgruppe „Les petits petons“,Les petits petons – французская группа для малышей,Les petits petons – французька група для малюків,Les petits petons – مجموعة لعب بالفرنسية للرضّع والصغار,Les petits petons – bebekler ve küçük çocuklar için Fransızca oyun grubu,2026-11-06 10:15,2026-11-06 11:00,no,Institut français Dresden,"Lingnerallee 3, 01069 Dresden",Altstadt,,0,3,fr,languages;parent_baby,free,Free; registration requested by e-mail to the Institut français media library,https://www.institutfrancais.de/de/dresden/event/franzoesische-krabbelgruppe-les-petits-petons-29202,"French-language playgroup for children aged 0–3 and their parents at the Institut français: playing, reading and singing in a family atmosphere – for French-speaking families and anyone who wants their child to get to know French.","Krabbelgruppe auf Französisch für Kinder von 0 bis 3 Jahren und ihre Eltern im Institut français: Es wird gespielt, gelesen und gesungen – für frankophone Familien und alle, die ihr Kind mit der französischen Sprache vertraut machen möchten. Eintritt frei, Voranmeldung erwünscht.","Группа на французском языке для детей от 0 до 3 лет и их родителей в Institut français: игры, чтение и песни в семейной атмосфере – для франкоязычных семей и всех, кто хочет познакомить ребёнка с французским языком. Бесплатно, желательна предварительная запись.","Група французькою мовою для дітей від 0 до 3 років та їхніх батьків в Institut français: ігри, читання та пісні в родинній атмосфері – для франкомовних родин і всіх, хто хоче познайомити дитину з французькою мовою. Безкоштовно, бажана попередня реєстрація.",مجموعة لعب باللغة الفرنسية للأطفال من الولادة حتى 3 سنوات وأهاليهم في Institut français: لعب وقراءة وغناء في أجواء عائلية، للعائلات الناطقة بالفرنسية ولكل من يرغب في تعريف طفله باللغة الفرنسية. مجانًا، ويُفضَّل التسجيل المسبق.,"Institut français'da 0-3 yaş arası çocuklar ve ebeveynleri için Fransızca oyun grubu: aile ortamında oyun, okuma ve şarkılar – Fransızca konuşan aileler ve çocuğunu Fransızcayla tanıştırmak isteyen herkes için. Ücretsiz, ön kayıt rica ediliyor.",https://www.institutfrancais.de/de/dresden/event/franzoesische-krabbelgruppe-les-petits-petons-29202,1b6fbf82-3b29-4ced-9c40-bb2304bdada2
,,Die Gänsemagd – family Saturday at Prohlis Library,Familiensamstag in der Bibliothek Prohlis: Die Gänsemagd mit Bianka Heuser,«Die Gänsemagd» – семейная суббота в библиотеке Prohlis,«Die Gänsemagd» – родинна субота в бібліотеці Prohlis,«Die Gänsemagd» – سبت العائلة في مكتبة Prohlis,„Die Gänsemagd“ – Prohlis Kütüphanesi'nde aile cumartesisi,2026-11-07 10:30,2026-11-07 11:15,no,Bibliothek Prohlis,"Prohliser Allee 10, 01239 Dresden",Prohlis,,4,,de,library,free,Free; registration by e-mail to Bibliothek Prohlis,https://www.bibo-dresden.de/de/events-kids/prohlis/20261107_Prohlis_Familiensamstag-0.php,"Bianka Heuser presents the fairy tale of the goose girl: Princess Katharina is tricked by her maid and has to tend the geese, and only her loyal horse Falada knows the truth. For families and children from 4.","Die Prinzessin Katharina wird von ihrer Dienerin überlistet und muss fortan die Gänse hüten – einzig ihr treues Pferd Falada weiß um die Wahrheit. Für Familien und Kinder ab 4 Jahren; Eintritt frei, mit Anmeldung.","Bianka Heuser рассказывает сказку о гусятнице: принцессу Катарину обманывает служанка, и ей приходится пасти гусей – правду знает лишь её верный конь Фалада. Для семей и детей от 4 лет; бесплатно, по записи.","Bianka Heuser розповідає казку про гусятницю: принцесу Катаріну обманює служниця, і їй доводиться пасти гусей – правду знає лише її вірний кінь Фалада. Для родин і дітей від 4 років; безкоштовно, за реєстрацією.",تقدّم Bianka Heuser حكاية راعية الإوز: تخدع الخادمةُ الأميرةَ كاتارينا فتُجبر على رعي الإوز، ولا يعرف الحقيقة إلا حصانها الوفي فالادا. للعائلات والأطفال من عمر 4 سنوات؛ مجانًا مع التسجيل.,"Bianka Heuser kaz çobanı kız masalını anlatıyor: Prenses Katharina hizmetçisi tarafından kandırılır ve kaz gütmek zorunda kalır – gerçeği yalnızca sadık atı Falada bilir. Aileler ve 4 yaş üstü çocuklar için; ücretsiz, kayıtla.",https://www.bibo-dresden.de/de/events-kids/prohlis/20261107_Prohlis_Familiensamstag-0.php,7c9b945e-c433-48e7-a08b-32e61fbc6479
,,Flimmerkino: Peter und der Wolf – children's book stage at the Central Library,Kinderbuchbühne in der Zentralbibliothek: Flimmerkino „Peter und der Wolf“,Flimmerkino: «Петя и волк» – детская книжная сцена в Zentralbibliothek,Flimmerkino: «Петрик і вовк» – дитяча книжкова сцена в Zentralbibliothek,Flimmerkino: «بيتر والذئب» – مسرح كتب الأطفال في Zentralbibliothek,Flimmerkino: „Peter ve Kurt“ – Zentralbibliothek'te çocuk kitabı sahnesi,2026-11-07 10:30,2026-11-07 12:00,no,"Zentralbibliothek im Kulturpalast, Veranstaltungsraum (1. OG)","Schloßstraße 2, 01067 Dresden",Altstadt,Zentralbibliothek im Kulturpalast (Städtische Bibliotheken Dresden),3,,de,music;library,free,Free; registration by e-mail to the Zentralbibliothek,https://www.bibo-dresden.de/de/events-kids/zb/20261107_ZB_KBB.php,"The 'Tastenmann' has found an old reel of the cartoon 'Peter and the Wolf', Prokofiev's musical fairy tale, and brings the silent film to life on his piano – but he mixes up the characters' melodies and the children help sort them out. Film-music fun for the whole family for 90 years of 'Peter and the Wolf'; from 3.","Der Tastenmann hat eine alte Filmrolle mit dem Trickfilm „Peter und der Wolf“ gefunden und bringt den Stummfilm mit seinem Klavier zum Klingen – doch er verwechselt die Melodien der Figuren, und die Kinder helfen, Ordnung ins Durcheinander zu bringen. Filmmusikspaß für die ganze Familie zu 90 Jahren „Peter und der Wolf“; ab 3 Jahren, Eintritt frei, mit Anmeldung.","Пианист Tastenmann нашёл старую плёнку с мультфильмом «Петя и волк» по музыкальной сказке Прокофьева и озвучивает немой фильм на рояле, но путает мелодии героев – дети помогают навести порядок. Весёлая киномузыка для всей семьи к 90-летию «Пети и волка»; от 3 лет, бесплатно, по записи.","Піаніст Tastenmann знайшов стару плівку з мультфільмом «Петрик і вовк» за музичною казкою Прокоф'єва й озвучує німий фільм на фортепіано, але плутає мелодії героїв – діти допомагають навести лад. Весела кіномузика для всієї родини до 90-річчя «Петрика і вовка»; від 3 років, безкоштовно, за реєстрацією.",وجد عازف البيانو Tastenmann بكرة قديمة لفيلم الرسوم المتحركة «بيتر والذئب» المستوحى من حكاية بروكوفييف الموسيقية، فيُحيي الفيلم الصامت على البيانو، لكنه يخلط بين ألحان الشخصيات فيساعده الأطفال على ترتيبها. متعة موسيقى الأفلام للعائلة كلها بمناسبة 90 عامًا على «بيتر والذئب»؛ من عمر 3 سنوات، مجانًا مع التسجيل.,"Piyanist Tastenmann, Prokofyev'in müzikli masalından uyarlanan „Peter ve Kurt“ çizgi filminin eski bir makarasını bulmuş ve sessiz filmi piyanosuyla seslendiriyor – ama karakterlerin melodilerini karıştırıyor, çocuklar da düzeltmeye yardım ediyor. „Peter ve Kurt“un 90. yılı için tüm aileye film müziği eğlencesi; 3 yaş üstü, ücretsiz, kayıtla.",https://www.bibo-dresden.de/de/events-kids/zb/20261107_ZB_KBB.php,028568e8-80a9-4c29-89de-cb590691627c
,,"Family afternoon at the Albertinum: Guck mal, was da wächst!","Familiennachmittag im Albertinum: Guck mal, was da wächst!","Семейный день в Albertinum: «Guck mal, was da wächst!»","Родинний день в Albertinum: «Guck mal, was da wächst!»","عصرية عائلية في Albertinum: «Guck mal, was da wächst!»","Albertinum'da aile öğleden sonrası: „Guck mal, was da wächst!“",2026-11-07 14:30,2026-11-07 16:30,no,Albertinum,"Tzschirnerplatz 2, 01067 Dresden",Altstadt,,,,de,art,paid,"Programme free for children + 2 accompanying adults, plus museum admission from school age; registration requested on (0351) 4914-2000",https://www.skd.museum/vermittlung/programmreihen/familiennachmittage/,"Family-friendly discovery tour through the Albertinum's collection to Carl Lohse's flower garden, followed by making flowers together. Held every first Saturday of the month; meet at the ticket desk, places are limited.","Familienfreundliche Entdeckungstour zu Carl Lohses Blumengarten in der Sammlung des Albertinum, anschließend gestalten Groß und Klein gemeinsam Blumen. Teilnahme kostenfrei für Kinder und 2 begleitende Erwachsene, zzgl. Eintritt ab Schuleintritt; Anmeldung unter (0351) 4914-2000 erbeten.","Семейная экскурсия к «цветочному саду» Carl Lohse в коллекции Albertinum, после чего дети и взрослые вместе создают цветы. Участие бесплатно для детей и двух сопровождающих взрослых, плюс входной билет начиная со школьного возраста; просьба записаться по телефону (0351) 4914-2000.","Родинна екскурсія до «квіткового саду» Carl Lohse в колекції Albertinum, після чого діти й дорослі разом створюють квіти. Участь безкоштовна для дітей і двох дорослих супровідників, плюс вхідний квиток починаючи зі шкільного віку; прохання зареєструватися за телефоном (0351) 4914-2000.",جولة استكشافية مناسبة للعائلات إلى «حديقة الزهور» لـ Carl Lohse في مجموعة Albertinum، ثم يصنع الكبار والصغار الزهور معًا. المشاركة مجانية للأطفال ومرافقَين بالغَين، مع رسوم الدخول ابتداءً من سن المدرسة؛ يُرجى التسجيل على الرقم (0351) 4914-2000.,"Albertinum koleksiyonunda Carl Lohse'nin çiçek bahçesine aile dostu bir keşif turu; ardından büyükler ve küçükler birlikte çiçek tasarlıyor. Çocuklar ve 2 refakatçi yetişkin için katılım ücretsiz, okul çağından itibaren giriş ücreti ayrıca; kayıt için (0351) 4914-2000.",https://www.skd.museum/vermittlung/programmreihen/familiennachmittage/,67d5f6aa-de06-4fd7-9732-37212991991c
,,Sylvia Graupner: Das Papierschiff – family Sunday at Neustadt Library,Für die ganze Familie: Sylvia Graupner „Das Papierschiff“,Sylvia Graupner: «Das Papierschiff» – семейное воскресенье в библиотеке Neustadt,Sylvia Graupner: «Das Papierschiff» – родинна неділя в бібліотеці Neustadt,Sylvia Graupner: «Das Papierschiff» – أحد العائلة في مكتبة Neustadt,Sylvia Graupner: „Das Papierschiff“ – Neustadt Kütüphanesi'nde aile pazarı,2026-11-08 16:30,2026-11-08 17:15,no,Bibliothek Neustadt,"Königsbrücker Straße 26, 01099 Dresden",Neustadt,Bibliothek Neustadt (Städtische Bibliotheken Dresden),,,de,library,free,Free; registration by e-mail to Bibliothek Neustadt,https://www.bibo-dresden.de/de/events-kids/neustadt/20261108_Neustadt_Familiensonntag.php,Family Sunday at Bibliothek Neustadt with Sylvia Graupner and her book 'Das Papierschiff' ('The Paper Ship'). For children and families.,"Familiensonntag in der Bibliothek Neustadt mit Sylvia Graupner und ihrem Buch „Das Papierschiff“. Für Kinder und Familien; Eintritt frei, Anmeldung per E-Mail.","Семейное воскресенье в библиотеке Neustadt с Sylvia Graupner и её книгой «Das Papierschiff» («Бумажный кораблик»). Для детей и семей; бесплатно, запись по e-mail.","Родинна неділя в бібліотеці Neustadt із Sylvia Graupner та її книжкою «Das Papierschiff» («Паперовий кораблик»). Для дітей і родин; безкоштовно, реєстрація електронною поштою.",يوم أحد عائلي في مكتبة Neustadt مع Sylvia Graupner وكتابها «Das Papierschiff» (السفينة الورقية). للأطفال والعائلات؛ مجانًا، التسجيل بالبريد الإلكتروني.,"Neustadt Kütüphanesi'nde Sylvia Graupner ve kitabı „Das Papierschiff“ („Kâğıt Gemi“) ile aile pazarı. Çocuklar ve aileler için; ücretsiz, e-postayla kayıt.",https://www.bibo-dresden.de/de/events-kids/neustadt/20261108_Neustadt_Familiensonntag.php,e0e808d2-bef8-4e71-bb7a-0a553cbf5b94
,,Scratch Junior family afternoon at Blasewitz Library,Familiennachmittag in der Bibliothek Blasewitz: Scratch Junior testen,Семейный день Scratch Junior в библиотеке Blasewitz,Родинний день Scratch Junior у бібліотеці Blasewitz,عصرية عائلية مع Scratch Junior في مكتبة Blasewitz,Blasewitz Kütüphanesi'nde Scratch Junior aile öğleden sonrası,2026-11-10 15:00,2026-11-10 18:00,no,Bibliothek Blasewitz,"Tolkewitzer Straße 8, 01277 Dresden",Blasewitz,,5,,de,stem;library,free,Free; registration by e-mail or phone with Bibliothek Blasewitz,https://www.bibo-dresden.de/de/events-kids/blasewitz/20261110_Blasewitz_Familiennachmittag_Scratch.php,"Children and their parents or grandparents try the free, child-friendly programming app Scratch Junior (for children from about 5) on tablets with a media educator and create their own little stories, animations or games – no prior knowledge needed.","Kinder lernen gemeinsam mit Eltern oder Großeltern unter Anleitung einer Medienpädagogin die kostenlose, kindgerechte Programmier-App Scratch Junior (für Kinder ab etwa 5 Jahren) kennen und entwickeln auf dem Tablet eigene Geschichten, Animationen oder Spiele – ganz ohne Vorkenntnisse. Eintritt frei, mit Anmeldung.","Дети вместе с родителями или бабушками и дедушками под руководством медиапедагога знакомятся с бесплатным детским приложением для программирования Scratch Junior (для детей примерно от 5 лет) и создают на планшете свои истории, анимации или игры – без предварительных знаний. Бесплатно, по записи.","Діти разом із батьками або бабусями й дідусями під керівництвом медіапедагогині знайомляться з безкоштовним дитячим застосунком для програмування Scratch Junior (для дітей приблизно від 5 років) і створюють на планшеті власні історії, анімації чи ігри – без попередніх знань. Безкоштовно, за реєстрацією.",يتعرّف الأطفال مع آبائهم أو أجدادهم، بإرشاد مختصة في التربية الإعلامية، على تطبيق البرمجة المجاني المناسب للأطفال Scratch Junior (للأطفال من نحو 5 سنوات)، ويصنعون على الجهاز اللوحي قصصًا ورسومًا متحركة وألعابًا خاصة بهم دون أي معرفة مسبقة. مجانًا مع التسجيل.,"Çocuklar ebeveynleri ya da büyükanne ve büyükbabalarıyla birlikte bir medya pedagoğu eşliğinde ücretsiz, çocuklara uygun programlama uygulaması Scratch Junior'ı (yaklaşık 5 yaş üstü için) tanıyor ve tablette kendi hikâyelerini, animasyonlarını veya oyunlarını oluşturuyor – ön bilgi gerekmez. Ücretsiz, kayıtla.",https://www.bibo-dresden.de/de/events-kids/blasewitz/20261110_Blasewitz_Familiennachmittag_Scratch.php,0aa30d67-bf0a-4597-b6b2-e30283cccd05
,Claude: no price and no end time on the page.,St Martin's Day service and lantern walk from Martin-Luther-Kirche,Andacht zum Martinstag mit Laternenumzug zur Garnisonkirche St. Martin,Служба в День святого Мартина и шествие с фонариками от Martin-Luther-Kirche,Служба на День святого Мартина та хода з ліхтариками від Martin-Luther-Kirche,صلاة عيد القديس مارتن وموكب الفوانيس من Martin-Luther-Kirche,Martin-Luther-Kirche'den Aziz Martin Günü ayini ve fener yürüyüşü,2026-11-11 16:30,,no,Martin-Luther-Kirche,"Martin-Luther-Platz, 01099 Dresden",Neustadt,,,,de,music,unknown,,https://kirche-dresden.de/kalender/andacht-zum-martinstag/,"St Martin's Day service with the Martin-Luther and St. Pauli children's choirs and a children's service, followed by a lantern walk to the Catholic Garnisonkirche St. Martin, where there is a Martinsfest with Martinshörnchen pastries, a campfire and a brass choir.","Andacht zum Martinstag mit den Kurrendegruppen Martin-Luther und St. Pauli und Kindergottesdienst, anschließend Laternenumzug zur katholischen Garnisonkirche St. Martin. Dort: Martinsfest mit Martinshörnchen, Lagerfeuer und Posaunenchor.","Служба ко Дню святого Мартина с детскими хорами Martin-Luther и St. Pauli и детским богослужением, затем шествие с фонариками к католической церкви Garnisonkirche St. Martin, где проходит праздник с рогаликами Martinshörnchen, костром и духовым хором.","Служба до Дня святого Мартина з дитячими хорами Martin-Luther та St. Pauli й дитячим богослужінням, потім хода з ліхтариками до католицької церкви Garnisonkirche St. Martin, де відбувається свято з рогаликами Martinshörnchen, вогнищем і духовим хором.",صلاة بمناسبة عيد القديس مارتن مع جوقتي الأطفال Martin-Luther وSt. Pauli وقدّاس للأطفال، يليها موكب بالفوانيس إلى الكنيسة الكاثوليكية Garnisonkirche St. Martin، حيث يُقام احتفال مارتن مع كعك Martinshörnchen ونار مخيم وجوقة نحاسية.,"Martin-Luther ve St. Pauli çocuk koroları ve çocuk ayiniyle Aziz Martin Günü ayini, ardından Katolik Garnisonkirche St. Martin'e fener yürüyüşü; orada Martinshörnchen çörekleri, kamp ateşi ve bando ile Martin şenliği.",https://kirche-dresden.de/kalender/andacht-zum-martinstag/,665f281a-9736-4ac5-b56b-79b5f7033cfb
,,Tipp and Tapp in autumn – puppet show at Gorbitz Library,Familiensamstag mit Puppenspiel: Die Abenteuer von Tipp und Tapp im Herbst,Приключения Tipp и Tapp осенью – кукольный спектакль в библиотеке Gorbitz,Пригоди Tipp і Tapp восени – ляльковий спектакль у бібліотеці Gorbitz,مغامرات Tipp وTapp في الخريف – عرض دمى في مكتبة Gorbitz,Tipp ile Tapp'ın sonbahar maceraları – Gorbitz Kütüphanesi'nde kukla gösterisi,2026-11-14 11:00,2026-11-14 11:40,no,Bibliothek Gorbitz,"Merianplatz 4, 01169 Dresden",Cotta,Bibliothek Gorbitz (Städtische Bibliotheken Dresden),4,,de,theatre;library,free,Free; registration by e-mail to Bibliothek Gorbitz,https://www.bibo-dresden.de/de/events-kids/gorbitz/20261114_Gorbitz_Puppentheater-Gloeckchen.php,Family Saturday with Puppentheater Glöckchen (founded 1984): two bear cubs visit their grandfather and have autumn surprises. For children from 4.,"Das Puppentheater Glöckchen (gegründet 1984) spielt: Zwei Bärenkinder sind bei ihrem Großvater zu Besuch und erleben herbstliche Überraschungen. Für Kinder ab 4 Jahren; Eintritt frei, mit Anmeldung per E-Mail.","Семейная суббота с Puppentheater Glöckchen (основан в 1984 году): два медвежонка гостят у дедушки и переживают осенние сюрпризы. Для детей от 4 лет; бесплатно, запись по e-mail.","Родинна субота з Puppentheater Glöckchen (засновано 1984 року): двоє ведмежат гостюють у дідуся й переживають осінні сюрпризи. Для дітей від 4 років; безкоштовно, реєстрація електронною поштою.",سبت عائلي مع Puppentheater Glöckchen (تأسس عام 1984): دبّان صغيران يزوران جدّهما ويعيشان مفاجآت خريفية. للأطفال من عمر 4 سنوات؛ مجانًا، التسجيل بالبريد الإلكتروني.,"Puppentheater Glöckchen (1984'te kuruldu) ile aile cumartesisi: iki yavru ayı dedelerini ziyaret ediyor ve sonbahar sürprizleri yaşıyor. 4 yaş üstü çocuklar için; ücretsiz, e-postayla kayıt.",https://www.bibo-dresden.de/de/events-kids/gorbitz/20261114_Gorbitz_Puppentheater-Gloeckchen.php,e10b5b24-26a2-4b83-8b00-67544369cb5d
,,Herr Eichhorn und der erste Schnee – puppet theatre (tjg.),Herr Eichhorn und der erste Schnee – Puppentheater im tjg.,«Herr Eichhorn und der erste Schnee» – кукольный спектакль (tjg.),«Herr Eichhorn und der erste Schnee» – ляльковий спектакль (tjg.),«Herr Eichhorn und der erste Schnee» – مسرح دمى (tjg.),„Herr Eichhorn und der erste Schnee“ – kukla tiyatrosu (tjg.),2026-11-22 16:00,2026-11-22 16:50,no,"tjg. theater junge generation, Kleine Bühne","Kraftwerk Mitte 1, 01067 Dresden",Altstadt,,4,,de,theatre,paid,"Adults €16, children up to 14 €8, reduced €8; with tjg. Familiencard adults €8, children €5 (tjg. price list)",https://www.tjg-dresden.de/inszenierung/herr-eichhorn-und-der-erste-schnee,"Puppet play after Sebastian Meschenmoser's picture books: Herr Eichhorn has never seen snow and is determined to stay awake for the start of winter, joined by Hedgehog and Bear, fresh air and sea shanties. For children from 4; 50 minutes.","Nach den Bilderbüchern von Sebastian Meschenmoser: Herr Eichhorn hat noch nie Schnee gesehen und will dieses Jahr wach bleiben, um den Winteranfang zu erleben – mit Igel und Bär, Bewegung an der frischen Luft und Seemannsliedern. Ab 4 Jahren, Spieldauer 50 Minuten.","По книжкам с картинками Sebastian Meschenmoser: Herr Eichhorn никогда не видел снега и в этом году решает не спать, чтобы застать начало зимы, – вместе с Ежом и Медведем, прогулками на свежем воздухе и морскими песнями. Для детей от 4 лет, 50 минут.","За книжками з картинками Sebastian Meschenmoser: Herr Eichhorn ніколи не бачив снігу й цього року вирішує не спати, щоб побачити початок зими, – разом з Їжаком і Ведмедем, рухом на свіжому повітрі та морськими піснями. Для дітей від 4 років, 50 хвилин.",مستوحى من كتب Sebastian Meschenmoser المصورة: لم يرَ Herr Eichhorn الثلج قطّ، ويقرر هذا العام أن يبقى مستيقظًا ليشهد بداية الشتاء، مع القنفذ والدب، والحركة في الهواء الطلق وأغاني البحّارة. للأطفال من عمر 4 سنوات، المدة 50 دقيقة.,"Sebastian Meschenmoser'in resimli kitaplarından: Herr Eichhorn hiç kar görmemiş ve bu yıl kışın başlangıcını görmek için uyanık kalmaya kararlı – Kirpi ve Ayı ile, temiz havada hareket ve denizci şarkılarıyla. 4 yaş üstü çocuklar için, 50 dakika.",https://www.tjg-dresden.de/inszenierung/herr-eichhorn-und-der-erste-schnee,f16d0364-a5c4-4d98-b582-56489202dd2f
,,Torch cinema at Leubnitz-Neuostra Library,Taschenlampenkino in der Bibliothek Leubnitz-Neuostra,Кино с фонариками в библиотеке Leubnitz-Neuostra,Кіно з ліхтариками в бібліотеці Leubnitz-Neuostra,سينما المصابيح اليدوية في مكتبة Leubnitz-Neuostra,Leubnitz-Neuostra Kütüphanesi'nde el feneri sineması,2026-11-24 16:30,2026-11-24 17:00,no,Bibliothek Leubnitz-Neuostra,"Corinthstraße 8, 01219 Dresden",Prohlis,,3,6,de,library,free,"Free, no registration; bring a torch, glow stick or lantern (no open flame)",https://www.bibo-dresden.de/de/events-kids/lno/20261124_LNO_Taschenlampenkino.php,"Picture-book cinema for children aged 3–6 about the light that brings brightness, warmth and hope in the dark season – children bring torches, glow sticks or lanterns (no open flame).","Bilderbuchkino für Kinder von 3 bis 6 Jahren über das Licht, das in der dunklen Jahreszeit hellen Schein, Wärme und Hoffnung verbreitet. Bitte eine Taschenlampe, einen Leuchtstab oder eine Laterne mitbringen (kein offenes Feuer); Eintritt frei, ohne Anmeldung.","Кино по книжке с картинками для детей от 3 до 6 лет о свете, который в тёмное время года дарит сияние, тепло и надежду. Возьмите с собой фонарик, светящуюся палочку или фонарь (без открытого огня); бесплатно, без записи.","Кіно за книжкою з картинками для дітей від 3 до 6 років про світло, яке в темну пору року дарує сяйво, тепло й надію. Візьміть із собою ліхтарик, світну паличку або ліхтар (без відкритого вогню); безкоштовно, без реєстрації.",سينما كتب مصورة للأطفال من 3 إلى 6 سنوات عن النور الذي ينشر الضياء والدفء والأمل في موسم الظلام. أحضروا مصباحًا يدويًا أو عصا مضيئة أو فانوسًا (دون لهب مكشوف)؛ مجانًا ودون تسجيل.,"3-6 yaş arası çocuklar için karanlık mevsimde parıltı, sıcaklık ve umut yayan ışık üzerine resimli kitap sineması. Lütfen el feneri, ışıklı çubuk veya fener getirin (açık ateş yok); ücretsiz, kayıt gerekmez.",https://www.bibo-dresden.de/de/events-kids/lno/20261124_LNO_Taschenlampenkino.php,d5cd9861-7516-4882-b1dc-995e05a6397f
,Claude: price not stated; book a slot.,Der tjg.-Klangspielraum – sound playroom for ages 2–5,Der tjg.-Klangspielraum – der etwas andere Spielplatz für Kinder von 2 bis 5 Jahren,Der tjg.-Klangspielraum – звуковая игровая комната для детей 2–5 лет,Der tjg.-Klangspielraum – звукова ігрова кімната для дітей 2–5 років,Der tjg.-Klangspielraum – غرفة لعب صوتية للأطفال من 2 إلى 5 سنوات,Der tjg.-Klangspielraum – 2-5 yaş için ses oyun odası,2026-11-25 14:00,2026-11-25 15:30,no,"tjg. theater junge generation, Studiobühne","Kraftwerk Mitte 1, 01067 Dresden",Altstadt,,2,5,de,music;theatre,unknown,,https://www.tjg-dresden.de/inszenierung/der-tjg-klangspielraum,"A playroom to discover with the ears: a flower field that makes melodies, trees that beat in rhythm and puddles that produce voices, for children aged 2–5. Book a 1.5-hour afternoon slot (also at 16:00); changing tables, nursing chairs and pram parking on site.","Ein Raum, der vor allem mit den Ohren entdeckt werden will: ein Blumenfeld, das Melodien erschafft, Bäume, die im Rhythmus pochen, und Pfützen, die Stimmen hervorbringen. Buchbar ist ein 1,5-Stunden-Zeitslot am Nachmittag (auch um 16 Uhr); Wickeltische, Stillsessel und Kinderwagenplätze vor Ort.","Комната, которую исследуют прежде всего ушами: цветочное поле, создающее мелодии, деревья, стучащие в ритме, и лужи, из которых раздаются голоса. Можно забронировать дневной слот на 1,5 часа (также в 16:00); на месте есть пеленальные столы, кресла для кормления и места для колясок.","Кімната, яку досліджують передусім вухами: квіткове поле, що створює мелодії, дерева, що стукають у ритмі, і калюжі, з яких лунають голоси. Можна забронювати денний слот на 1,5 години (також о 16:00); на місці є сповивальні столи, крісла для годування та місця для візочків.",غرفة تُكتشف بالأذنين قبل كل شيء: حقل أزهار يصنع ألحانًا، وأشجار تنبض بالإيقاع، وبرك ماء تصدر أصواتًا. يمكن حجز فترة ساعة ونصف بعد الظهر (وأيضًا في الساعة 16:00)؛ تتوفر طاولات لتغيير الحفاضات ومقاعد للرضاعة وأماكن لعربات الأطفال.,"Özellikle kulaklarla keşfedilen bir oda: melodiler yaratan bir çiçek tarlası, ritimle atan ağaçlar ve sesler çıkaran su birikintileri. Öğleden sonra 1,5 saatlik bir zaman dilimi rezerve edilebilir (ayrıca 16:00'da); alt değiştirme masası, emzirme koltuğu ve bebek arabası yeri mevcut.",https://www.tjg-dresden.de/inszenierung/der-tjg-klangspielraum,e583e233-b38a-44d3-84c1-0fe400d85bd0
,Claude: no postcode on the page.,Opening of the 592nd Dresdner Striezelmarkt,Eröffnung des 592. Dresdner Striezelmarkts,Открытие 592-го Dresdner Striezelmarkt,Відкриття 592-го Dresdner Striezelmarkt,افتتاح سوق عيد الميلاد Dresdner Striezelmarkt الـ592,592. Dresdner Striezelmarkt'ın açılışı,2026-11-25 16:00,2026-11-25 21:00,no,"Striezelmarkt, Altmarkt","Altmarkt (Wilsdruffer Straße), Dresden",Altstadt,,,,de,,unknown,,https://striezelmarkt.dresden.de/de/,"Germany's oldest Christmas market opens on the Altmarkt with more than 200 traders, the world's largest Erzgebirge step pyramid and a daily Christmas programme for young and old. Opening day 16:00–21:00, then daily 10:00–21:00 until 23 Dec (24 Dec 10:00–14:00).","Der älteste Weihnachtsmarkt Deutschlands verwandelt den Altmarkt in ein Weihnachtswunderland: mehr als 200 Händler, die weltgrößte erzgebirgische Stufenpyramide und ein tägliches weihnachtliches Kulturprogramm für Groß und Klein. Am Eröffnungstag 16 bis 21 Uhr, danach bis 23. Dezember täglich 10 bis 21 Uhr (24. Dezember 10 bis 14 Uhr).","Старейшая рождественская ярмарка Германии превращает площадь Altmarkt в рождественскую сказку: более 200 торговцев, самая большая в мире рудногорская ступенчатая пирамида и ежедневная праздничная программа для взрослых и детей. В день открытия 16:00–21:00, затем до 23 декабря ежедневно 10:00–21:00 (24 декабря 10:00–14:00).","Найстаріший різдвяний ярмарок Німеччини перетворює площу Altmarkt на різдвяну казку: понад 200 торговців, найбільша у світі рудногірська ступінчаста піраміда та щоденна святкова програма для дорослих і дітей. У день відкриття 16:00–21:00, далі до 23 грудня щодня 10:00–21:00 (24 грудня 10:00–14:00).",أقدم سوق لعيد الميلاد في ألمانيا يحوّل ساحة Altmarkt إلى عالم ميلادي ساحر: أكثر من 200 بائع، وأكبر هرم ميلادي متدرّج من جبال الخام في العالم، وبرنامج ثقافي ميلادي يومي للكبار والصغار. يوم الافتتاح من 16:00 إلى 21:00، ثم يوميًا من 10:00 إلى 21:00 حتى 23 ديسمبر (24 ديسمبر من 10:00 إلى 14:00).,"Almanya'nın en eski Noel pazarı Altmarkt'ı bir Noel masalına dönüştürüyor: 200'den fazla satıcı, dünyanın en büyük Erzgebirge basamaklı piramidi ve büyükler ve küçükler için her gün Noel kültür programı. Açılış günü 16:00-21:00, sonra 23 Aralık'a kadar her gün 10:00-21:00 (24 Aralık 10:00-14:00).",https://striezelmarkt.dresden.de/de/,bc1dd96e-5d24-49ac-8f30-5d5e4a4518dc
,,"Family programme at the Zwinger: Engel, Licht und Heilige Nacht","FAMILIENPROGRAMM: Engel, Licht und Heilige Nacht","Семейная программа в Zwinger: «Engel, Licht und Heilige Nacht»","Родинна програма в Zwinger: «Engel, Licht und Heilige Nacht»","برنامج عائلي في Zwinger: «Engel, Licht und Heilige Nacht»","Zwinger'de aile programı: „Engel, Licht und Heilige Nacht“",2026-11-28 10:30,2026-11-28 12:30,no,Zwinger,"Theaterplatz 1, 01067 Dresden",Altstadt,,,,de,art,paid,"Programme free for children up to 17 + 2 accompanying adults, plus museum admission from school age; registration requested on (0351) 4914-2000",https://www.skd.museum/vermittlung/programmreihen/familiennachmittage/,"Family programme on the theme 'angels, light and holy night' in the special exhibition 'Correggio. Berührend menschlich': children and adults explore the art together and get creative. Meet at the ticket desk; places are limited.","Familienprogramm in der Sonderausstellung „Correggio. Berührend menschlich“ im Zwinger: Kinder und Erwachsene entdecken gemeinsam die Kunst und werden kreativ. Treffpunkt an der Kasse; Teilnahme kostenfrei für Kinder bis 17 Jahre und 2 begleitende Erwachsene, zzgl. Eintritt ab Schuleintritt; Anmeldung erbeten.","Семейная программа на специальной выставке «Correggio. Berührend menschlich» в Zwinger: дети и взрослые вместе открывают искусство и занимаются творчеством на тему ангелов, света и Святой ночи. Сбор у кассы; участие бесплатно для детей до 17 лет и двух сопровождающих взрослых, плюс входной билет начиная со школьного возраста; просьба записаться.","Родинна програма на спеціальній виставці «Correggio. Berührend menschlich» у Zwinger: діти й дорослі разом відкривають мистецтво та творять на тему ангелів, світла й Святої ночі. Збір біля каси; участь безкоштовна для дітей до 17 років і двох дорослих супровідників, плюс вхідний квиток починаючи зі шкільного віку; прохання зареєструватися.",برنامج عائلي في المعرض الخاص «Correggio. Berührend menschlich» في Zwinger: يكتشف الأطفال والكبار الفن معًا ويبدعون حول موضوع الملائكة والنور والليلة المقدسة. نقطة اللقاء عند شباك التذاكر؛ المشاركة مجانية للأطفال حتى 17 عامًا ومرافقَين بالغَين، مع رسوم الدخول ابتداءً من سن المدرسة؛ يُرجى التسجيل.,"Zwinger'deki „Correggio. Berührend menschlich“ özel sergisinde aile programı: çocuklar ve yetişkinler melekler, ışık ve kutsal gece temasıyla sanatı birlikte keşfediyor ve yaratıcı oluyor. Buluşma noktası gişe; 17 yaşa kadar çocuklar ve 2 refakatçi yetişkin için katılım ücretsiz, okul çağından itibaren giriş ücreti ayrıca; kayıt rica ediliyor.",https://www.skd.museum/vermittlung/programmreihen/familiennachmittage/,62c3ec9d-a12e-46e3-8bd1-6e8b39b0f4be
,,Christmas market for families at Pieschen Library,Weihnachtsmarkt für die ganze Familie in der Bibliothek Pieschen,Рождественская ярмарка для семей в библиотеке Pieschen,Різдвяний ярмарок для родин у бібліотеці Pieschen,سوق عيد الميلاد للعائلات في مكتبة Pieschen,Pieschen Kütüphanesi'nde aileler için Noel pazarı,2026-11-28 14:00,2026-11-28 18:00,no,Bibliothek Pieschen,"Bürgerstraße 63, 01127 Dresden",Pieschen,,,,de,art;theatre;library,free,"Free (Teilnahme kostenlos, Eintritt frei)",https://www.bibo-dresden.de/de/events-kids/pieschen/20261128_Pieschen_Weihnachtsmarkt.php,"Christmas magic for the whole family with crafts, baking and puppet theatre; at 16:30 the Dresdner Figurentheater performs 'Dornröschen und die Weihnachtsmonsterbande'. For families with children; free.","Weihnachtszauber für die ganze Familie: Basteln, Backen und Puppentheater – um 16:30 Uhr spielt das Dresdner Figurentheater „Dornröschen und die Weihnachtsmonsterbande“. Für Familien mit Kindern; Teilnahme kostenlos, Eintritt frei.","Рождественское волшебство для всей семьи: поделки, выпечка и кукольный театр – в 16:30 Dresdner Figurentheater показывает спектакль «Dornröschen und die Weihnachtsmonsterbande». Для семей с детьми; бесплатно.","Різдвяне диво для всієї родини: рукоділля, випічка та ляльковий театр – о 16:30 Dresdner Figurentheater показує виставу «Dornröschen und die Weihnachtsmonsterbande». Для родин із дітьми; безкоштовно.",سحر عيد الميلاد للعائلة كلها: أشغال يدوية وخَبز ومسرح دمى، وفي الساعة 16:30 يعرض Dresdner Figurentheater مسرحية «Dornröschen und die Weihnachtsmonsterbande». للعائلات مع الأطفال؛ مجانًا.,"Tüm aile için Noel büyüsü: el işi, kurabiye pişirme ve kukla tiyatrosu – 16:30'da Dresdner Figurentheater „Dornröschen und die Weihnachtsmonsterbande“ oyununu sahneliyor. Çocuklu aileler için; ücretsiz.",https://www.bibo-dresden.de/de/events-kids/pieschen/20261128_Pieschen_Weihnachtsmarkt.php,cafd0dbb-3f69-4d73-ad03-71cd97406768
,,phil zu entdecken … in 1001 Nächten – family concert,phil zu entdecken … in 1001 Nächten – Familienkonzert der Dresdner Philharmonie,phil zu entdecken … in 1001 Nächten – семейный концерт,phil zu entdecken … in 1001 Nächten – родинний концерт,phil zu entdecken … in 1001 Nächten – حفل عائلي,phil zu entdecken … in 1001 Nächten – aile konseri,2026-11-29 11:00,2026-11-29 12:00,no,"Kulturpalast, Konzertsaal","Schloßstraße 2 (Eingang Altmarkt), 01067 Dresden",Altstadt,,5,,de,music,paid,"From €14; reduced: €6 pupils under 18, €10 under 30, €7 Dresden-Pass (optional FLEX fee +€6)",https://www.dresdnerphilharmonie.de/de/konzerte-tickets/konzertkalender-dresden/phil-zu-entdecken-in-1001-naechten/?datum=2026-11-29,"Family concert of the Dresdner Philharmonie: presenter Malte Arkona and Phili tell of Scheherazade, Sindbad the Sailor and Prince Kalender around Rimsky-Korsakov's symphonic suite 'Scheherazade', conducted by Aziz Shokhakimov. About 1 hour, no interval; from 5.","Malte Arkona und Phili erzählen von Scheherazade, Sindbad dem Seefahrer und dem Prinzen Kalender – rund um Nikolai Rimski-Korsakows sinfonische Suite „Scheherazade“ mit der Dresdner Philharmonie unter Aziz Shokhakimov. Dauer ca. 1 Stunde ohne Pause; ab 5 Jahren.","Ведущий Malte Arkona и Phili рассказывают о Шехерезаде, Синдбаде-мореходе и принце Календере – вокруг симфонической сюиты Николая Римского-Корсакова «Шехерезада» в исполнении Dresdner Philharmonie под управлением Азиза Шохакимова. Около 1 часа без антракта; от 5 лет.","Ведучий Malte Arkona та Phili розповідають про Шехерезаду, Синдбада-мореплавця й принца Календера – довкола симфонічної сюїти Миколи Римського-Корсакова «Шехерезада» у виконанні Dresdner Philharmonie під орудою Азіза Шохакімова. Близько 1 години без антракту; від 5 років.",يحكي المقدّم Malte Arkona وPhili عن شهرزاد والسندباد البحري والأمير قلندر، حول المتتالية السمفونية «شهرزاد» لنيكولاي ريمسكي-كورساكوف، تعزفها Dresdner Philharmonie بقيادة عزيز شوخاكيموف. المدة نحو ساعة دون استراحة؛ من عمر 5 سنوات.,"Sunucu Malte Arkona ve Phili; Şehrazat, Denizci Sinbad ve Prens Kalender'i anlatıyor – Nikolay Rimski-Korsakov'un senfonik süiti „Şehrazat“ etrafında, Dresdner Philharmonie ve şef Aziz Shokhakimov ile. Yaklaşık 1 saat, arasız; 5 yaş üstü.",https://www.dresdnerphilharmonie.de/de/konzerte-tickets/konzertkalender-dresden/phil-zu-entdecken-in-1001-naechten/?datum=2026-11-29,5d114066-52eb-4fd9-a7a8-4a3c7e17aafe
